149.171.126.1,20230,59.166.0.6,60050,tcp,FIN,0.06002,25096,1292,29,31,9,1,-,3233588.75,165144.9531,30,24,255,255,1641326075,1546801414,837,54,0,0,123.023091,3.726404,1421929250,1421929250,2.069655,2.581522,0,0,0,0,0,0,0,0,1,1,1,1,1,1,1,,0
149.171.126.1,41456,59.166.0.3,13982,tcp,FIN,0.059814,16612,624,29,31,3,0,-,2098505.5,76503.82813,18,12,255,255,2615242515,2554769690,923,52,0,0,223.715627,6.606295,1421929266,1421929266,3.518471,5.391818,0,0,0,0,0,0,0,0,1,1,1,1,1,1,1,,0
149.171.126.1,63641,59.166.0.2,19830,tcp,FIN,0.047575,27248,1040,29,31,9,0,-,4391045.5,166137.6719,24,20,255,255,3482753781,3377481592,1135,52,0,0,2.556083,2.728486,1421929314,1421929314,2.068478,2.473947,0,0,0,0,0,0,0,0,1,1,1,1,1,1,1,,0
149.171.126.1,53,59.166.0.8,53262,udp,INT,0.000005,162,0,29,0,0,0,-,129600000,0,2,0,0,0,0,0,81,0,0,0,0,0,1421929334,1421929334,0.005,0,0,0,0,0,0,0,0,0,1,1,1,1,1,1,1,,0
149.171.126.1,43228,59.166.0.1,45716,tcp,FIN,0.019019,8872,520,29,31,3,0,-,3524896,196855.7656,18,10,255,255,346248175,2476906800,493,52,0,0,123.10189,4.956288,1421929362,1421929362,1.118765,2.048222,0,0,0,0,0,0,0,0,1,2,1,1,1,1,1,,0
149.171.126.1,80,59.166.0.5,41355,tcp,FIN,0,331984,5980,29,31,112,0,-,1698629.875,30463.07422,231,115,255,255,1892778906,4003899569,1437,52,0,0,502.641377,19.725074,1421929804,1421929806,6.768565,13.651079,0,0,0,0,0,0,0,0,1,1,1,1,1,1,1,,0
149.171.126.1,30945,59.166.0.2,52232,tcp,FIN,0.119878,59390,2444,29,31,23,0,-,3888620,159628.9531,53,47,255,255,1664250195,3802233508,1121,52,0,0,114.863065,3.056821,1421929983,1421929984,2.305346,2.593239,0,0,0,0,0,0,0,0,1,1,1,1,1,1,1,,0
149.171.126.1,57380,59.166.0.2,29994,tcp,FIN,0.226087,36062,2408,29,32,15,2,-,1243344.375,83295.36719,39,44,255,255,2161031629,15362195,925,55,0,0,376.068994,10.821465,1421930027,1421930027,5.949658,4.885768,0,0,0,0,0,0,0,0,2,3,2,1,1,1,1,,0
149.171.126.1,18915,59.166.0.9,64848,tcp,FIN,0.08467,41832,2020,29,31,16,1,-,3864698.25,185850.9531,45,38,255,255,1890635807,1875364835,930,53,0,0,148.642598,4.706666,1421930030,1421930030,1.924318,2.269406,0,0,0,0,0,0,0,0,2,1,1,1,1,1,1,,0
149.171.126.1,80,59.166.0.0,14333,tcp,FIN,1.126018,6952,898,29,31,2,1,-,45278.13672,5584.279785,12,8,255,255,641406549,640397963,579,112,0,0,286.2545,345.083188,1421930035,1421930037,102.365273,160.637578,0,0,0,0,0,0,0,0,1,1,1,1,1,1,1,,0
149.171.126.1,13417,59.166.0.7,34687,tcp,FIN,0.025651,21062,780,29,31,6,0,-,6240380.5,227047.6719,20,15,255,255,1817132380,1792914996,1053,52,0,0,97.341502,1.831657,1421930041,1421930041,1.350053,1.064929,0,0,0,0,0,0,0,0,1,1,1,1,1,1,1,,0
149.171.126.1,58310,59.166.0.6,52939,tcp,FIN,0.055219,25142,1526,29,31,7,2,-,3517050.5,212680.4219,29,26,255,255,1410714022,3560042640,867,59,0,0,139.350809,140.731032,1421930051,1421930051,1.972107,2.1872,0,0,0,0,0,0,0,0,1,1,1,1,1,1,1,,0
149.171.126.1,16578,59.166.0.4,21749,tcp,FIN,0.000891,2712,104,29,31,0,0,-,20291808,466891.1563,6,2,255,0,3889866323,1730727890,452,52,0,0,0.206881,0,1421930109,1421930109,0.1782,0.004,0,0,0,0,0,0,0,0,1,1,1,1,1,1,1,,0
149.171.126.1,111,59.166.0.1,9380,udp,INT,0.000004,160,0,29,0,0,0,-,160000000,0,2,0,0,0,0,0,80,0,0,0,0,0,1421930171,1421930171,0.004,0,0,0,0,0,0,0,0,0,2,3,2,2,1,1,2,,0
149.171.126.1,10845,59.166.0.1,12081,tcp,FIN,0.326883,2216,2648,29,31,4,2,-,51541.37891,60180.55469,20,14,255,255,2373934624,2241407537,111,189,0,0,29.344615,34.854031,1421930171,1421930171,17.204369,25.098,0,0,0,0,0,0,0,0,2,3,2,2,1,1,2,,0
149.171.126.1,44499,59.166.0.5,10240,tcp,FIN,0.075881,11196,832,30,32,3,0,-,1089600.875,82234.03125,13,16,255,255,351514765,351280119,861,52,0,0,425.476524,4.849848,1421930776,1421930776,6.323417,4.6888,0,0,0,0,0,0,0,0,1,1,1,1,1,1,1,,0
149.171.126.1,25,59.166.0.4,33589,tcp,FIN,0.02772,1700,9428,29,31,2,1,-,463492.0625,2526695.5,18,14,255,255,2724630474,573996314,94,673,0,0,4.080906,126.015216,1421930823,1421930823,1.630588,2.088,0,0,0,0,0,0,0,0,2,1,1,2,1,1,1,,0
149.171.126.1,22,59.166.0.9,10643,tcp,FIN,0.001788,568,512,29,31,0,1,-,2120805.5,2004474.25,6,8,255,255,3143861964,3139379803,95,64,0,0,0.669401,0.30004,1421930823,1421930823,0.3372,0.223857,0,0,0,0,0,0,0,0,2,1,1,2,1,1,1,,0
149.171.126.1,49994,59.166.0.0,7438,tcp,FIN,0.024175,14806,1466,29,31,7,3,-,4695760,464943.125,24,24,255,255,1168798137,3277067944,617,61,0,0,74.484838,75.117337,1421930863,1421930863,1.051087,1.026217,0,0,0,0,0,0,0,0,1,1,1,1,1,1,1,,0
149.171.126.1,80,59.166.0.5,4612,tcp,FIN,1.00797,10056,898,29,31,2,1,-,74827.625,6238.28125,16,8,255,255,685473759,681872593,629,112,0,0,249.516406,349.625688,1421930905,1421930906,67.198,143.114719,0,0,0,0,0,0,0,0,1,1,1,1,1,1,1,,0
149.171.126.1,43119,59.166.0.3,7469,tcp,FIN,0.016859,5720,312,29,31,0,0,-,2442849.5,123376.2344,10,6,255,255,258902357,2369132381,572,52,0,0,120.68814,2.521479,1421930944,1421930944,1.873222,1.618,0,0,0,0,0,0,0,0,1,1,1,1,1,1,1,,0
149.171.126.1,5190,59.166.0.4,1941,tcp,FIN,0.000458,208,104,29,31,0,0,-,2724890.75,908296.9375,4,2,255,0,3019461115,869614574,52,52,0,0,0.210952,0,1421930959,1421930959,0.152667,0.004,0,0,0,0,0,0,0,0,1,1,1,1,1,1,1,,0
149.171.126.1,53704,59.166.0.3,47558,tcp,FIN,0.003856,8320,312,29,31,2,0,-,15535270,539419.0625,10,6,255,255,3453279278,1289617437,832,52,0,0,0.641376,0.775269,1421930960,1421930960,0.428444,0.636,0,0,0,0,0,0,0,0,1,1,1,1,1,1,1,,0
149.171.126.1,8028,59.166.0.2,9263,tcp,FIN,0.296306,2864,3776,29,31,5,5,-,74355.5625,96872.82031,26,20,255,255,649475659,645275428,110,189,0,0,18.625357,20.178055,1421931650,1421931650,11.85224,15.565737,0,0,0,0,0,0,0,0,1,1,1,1,1,1,1,,0
149.171.126.1,54098,59.166.0.2,47920,tcp,CON,0.019288,25934,988,29,32,8,0,-,10218996,388220.6563,20,19,255,255,2971177593,792887733,1297,52,0,0,54.094441,1.470965,1421931675,1421931675,1.002579,1.058278,0,0,0,0,0,0,0,0,1,1,1,1,1,1,1,,0
149.171.126.1,111,59.166.0.9,10547,udp,INT,0,80,0,30,0,0,0,-,0,0,1,0,0,0,0,0,80,0,0,0,0,0,1421931676,1421931676,0,0,0,0,0,0,0,0,0,0,1,1,1,1,1,1,1,,0
149.171.126.1,5190,59.166.0.1,56708,tcp,FIN,0.003452,1670,692,29,31,2,2,-,3594438,1443800.75,14,10,255,255,3635526561,1485662181,119,69,0,0,17.169087,14.638498,1421931737,1421931737,0.265538,0.220667,0,0,0,0,0,0,0,0,1,1,1,1,1,1,1,,0
149.171.126.1,80,59.166.0.5,59938,tcp,FIN,1.003337,9952,898,29,31,2,1,-,73690.09375,6267.086426,14,8,255,255,1599288252,1598312639,711,112,0,0,266.609031,349.620469,1421931769,1421931770,77.179766,143.121578,0,0,0,0,0,0,0,0,1,1,1,1,1,1,1,,0
149.171.126.1,57857,59.166.0.5,30229,tcp,FIN,0.084198,12726,1404,29,31,2,0,-,1133613.625,128459.1094,16,27,255,255,376980790,2478928044,795,52,0,0,334.046189,4.530109,1421931817,1421931818,5.6132,3.216808,0,0,0,0,0,0,0,0,1,1,1,1,1,1,1,,0
149.171.126.1,53954,59.166.0.3,12809,tcp,FIN,0.022084,560,564,30,31,1,1,-,173881.5469,184024.6406,7,10,255,255,3181503444,1031644871,80,56,0,0,8.089648,3.609847,1421932499,1421932499,3.680667,1.853333,0,0,0,0,0,0,0,0,1,1,1,1,1,1,1,,0
149.171.126.1,80,59.166.0.0,15271,tcp,CON,1.001867,7548,0,29,0,0,0,-,53579.96484,0,9,0,255,0,4239718232,0,839,0,0,0,330.943375,0,1421932511,1421932512,125.233375,0,0,0,0,0,0,0,0,0,1,1,1,1,1,1,1,,0
149.171.126.1,34512,59.166.0.4,36725,tcp,FIN,0.035709,29582,1300,29,31,9,0,-,6382032.5,279593.375,27,25,255,255,4072750538,1916943863,1096,52,0,0,83.931835,2.086125,1421932565,1421932565,1.373423,1.46525,0,0,0,0,0,0,0,0,1,2,1,1,1,1,1,,0
149.171.126.1,10458,59.166.0.5,40110,tcp,CON,0.026317,6066,700,29,31,0,1,-,1676482.875,195159.0156,11,12,255,255,1550247610,1542237033,551,58,0,0,0,4.836269,1421932628,1421932628,2.6092,2.374455,0,0,0,0,0,0,0,0,1,1,1,1,1,1,1,,0
149.171.126.1,5190,59.166.0.3,43615,tcp,FIN,0.000753,1866,104,29,31,0,0,-,16520585,552456.875,6,2,255,0,1533536658,3678636707,311,52,0,0,0.185323,0,1421933398,1421933398,0.1506,0.003,0,0,0,0,0,0,0,0,1,1,1,1,1,1,1,,0
149.171.126.1,55915,59.166.0.8,29807,tcp,FIN,0.043579,6086,946,30,31,0,3,-,1024163,161362.125,12,14,255,255,229171088,168357528,507,68,0,0,0,239.450378,1421933417,1421933417,3.961727,3.194538,0,0,0,0,0,0,0,0,1,1,1,1,1,1,1,,0
149.171.126.1,60070,59.166.0.4,11094,tcp,FIN,0.000755,1808,104,29,31,0,0,-,15968212,550993.375,6,2,255,0,401426089,1993385525,301,52,0,0,0.189304,0,1421933428,1421933428,0.151,0.004,0,0,0,0,0,0,0,0,1,1,1,1,1,1,1,,0
149.171.126.1,16724,59.166.0.4,41603,tcp,CON,0.001316,6000,104,29,31,0,0,-,27355622,316109.4063,4,2,255,255,2904412220,4142967132,1500,52,0,0,0.468813,0,1421933429,1421933429,0.342,0.004,0,0,0,0,0,0,0,0,2,2,1,1,1,1,1,,0
149.171.126.1,21,59.166.0.4,39853,tcp,FIN,2.999817,2988,2070,29,31,10,8,-,7784.475098,5368.327637,43,36,255,255,2054806872,4142965147,69,58,0,0,5503.289668,185.585797,1421933427,1421933430,71.424213,85.69343,0,0,0,0,0,0,0,0,2,2,1,1,1,1,1,,0
149.171.126.1,21,59.166.0.5,37085,tcp,FIN,4.088636,3526,2580,29,31,13,9,-,6762.157715,4938.566406,50,46,255,255,1122406425,985904622,71,56,0,0,181.972187,186.413703,1421933429,1421933434,83.441555,90.845492,0,0,0,0,0,0,0,0,1,1,1,1,1,1,1,,0
149.171.126.1,80,59.166.0.6,49381,tcp,FIN,11.114572,1087674,18408,29,31,367,0,-,781827,13212.20508,742,354,255,255,2931152103,758417295,1466,52,0,0,1361.328743,55.74034,1421933433,1421933444,14.999423,31.471807,0,0,0,0,0,0,0,0,1,1,1,1,1,1,1,,0
149.171.126.1,80,59.166.0.5,43516,tcp,FIN,1.188268,7376,794,29,31,1,1,-,46117.54297,4456.907227,14,6,255,255,1343021735,3487469679,527,132,0,0,291.520281,429.880562,1421934235,1421934236,91.405234,237.193406,0,0,0,0,0,0,0,0,2,1,1,1,1,1,1,,0
149.171.126.1,39437,59.166.0.0,5043,tcp,FIN,0.133574,19542,1352,29,31,9,2,-,1131417.875,77619.89844,30,24,255,255,2604440741,454592220,651,56,0,0,6.991375,7.456588,1421934237,1421934237,4.606,5.789348,0,0,0,0,0,0,0,0,2,4,1,1,1,1,1,,0
149.171.126.1,5190,59.166.0.0,16972,tcp,FIN,0.520388,2402,1188,29,31,4,4,-,35511.96484,17248.66797,26,18,255,255,2027385837,2027108470,92,66,0,0,1495.659703,49.198457,1421934243,1421934244,20.815521,29.187,0,0,0,0,0,0,0,0,1,1,1,1,1,1,1,,0
149.171.126.1,47015,59.166.0.4,27264,tcp,CON,0.000819,3000,104,29,31,0,0,-,14652015,507936.5,2,2,255,255,2224439037,2221729109,1500,52,0,0,0,0,1421934247,1421934247,0.01,0.007,0,0,0,0,0,0,0,0,1,1,1,1,1,1,1,,0
149.171.126.1,6881,59.166.0.9,60257,tcp,FIN,2.615573,216290,5784,29,31,76,8,-,657743.4375,17507.44531,174,96,255,255,4164130857,4150055533,1243,60,0,0,4772.650846,201.236734,1421934254,1421934257,15.118919,27.232137,0,0,0,0,0,0,0,0,1,1,1,1,1,1,1,,0
149.171.126.1,53,59.166.0.7,26519,udp,INT,0.000007,178,0,29,0,0,0,-,101714288,0,2,0,0,0,0,0,89,0,0,0,0,0,1421934258,1421934258,0.007,0,0,0,0,0,0,0,0,0,1,1,1,1,1,1,1,,0
149.171.126.1,53044,59.166.0.8,46825,tcp,FIN,0.062885,35168,1352,29,31,12,0,-,4324847,165381.25,30,26,255,255,1665058765,1645053361,1172,52,0,0,2.51929,2.596568,1421934339,1421934339,2.168448,2.48888,0,0,0,0,0,0,0,0,1,2,1,1,1,1,1,,0
149.171.126.1,7583,59.166.0.3,38295,tcp,FIN,0.070592,25545,1480,29,31,9,1,-,2795217.5,161604.7188,29,27,255,255,2525913801,2525666700,881,55,0,0,3.603492,2.563404,1421934387,1421934387,2.521143,2.221231,0,0,0,0,0,0,0,0,1,1,1,1,1,1,1,,0
149.171.126.1,3104,59.166.0.4,43304,tcp,CON,0.030725,13520,520,29,31,1,0,-,3168234.25,121855.1641,10,10,255,255,509568122,2613284681,1352,52,0,0,194.238161,3.080498,1421934413,1421934413,3.413889,1.986889,0,0,0,0,0,0,0,0,1,1,1,1,1,1,1,,0
149.171.126.1,39329,59.166.0.0,37327,tcp,FIN,0.014471,18686,728,29,31,6,0,-,9756340,373712.9375,18,14,255,255,2040691370,2040410644,1038,52,0,0,1.169538,1.306268,1421934419,1421934419,0.851235,1.067538,0,0,0,0,0,0,0,0,2,1,1,1,1,1,1,,0
149.171.126.1,46005,59.166.0.2,11106,tcp,FIN,0.095253,35064,1248,29,31,11,0,-,2839763.75,100448.2813,28,24,255,255,2876806569,672933336,1252,52,0,0,248.164829,7.476352,1421934420,1421934420,3.527889,3.756391,0,0,0,0,0,0,0,0,2,1,1,1,1,1,1,,0
149.171.126.1,6881,59.166.0.3,22817,tcp,CON,0.006142,1002,0,29,0,0,0,-,1087593.625,0,6,0,255,0,2410797376,0,167,0,0,0,2.4478,0,1421934437,1421934437,1.2284,0,0,0,0,0,0,0,0,0,1,1,1,1,1,1,1,,0
149.171.126.1,53,59.166.0.1,4217,udp,INT,0.000008,178,0,29,0,0,0,-,89000000,0,2,0,0,0,0,0,89,0,0,0,0,0,1421934446,1421934446,0.008,0,0,0,0,0,0,0,0,0,1,1,1,1,1,1,1,,0
149.171.126.1,25,59.166.0.3,30398,tcp,FIN,0.059214,1400,9378,29,31,1,1,-,175634.1406,1161482.125,14,12,255,255,1891556044,1890611332,100,782,0,0,13.691014,359.704236,1421934461,1421934461,4.554923,5.306818,0,0,0,0,0,0,0,0,1,1,1,1,1,1,1,,0
149.171.126.1,27902,59.166.0.1,27056,tcp,FIN,0.103831,57436,2392,29,31,22,0,-,4336893.5,180292.9688,50,46,255,255,1211034040,3356122715,1149,52,0,0,2.600683,2.642883,1421934489,1421934489,2.119,2.290689,0,0,0,0,0,0,0,0,1,1,1,1,1,1,1,,0
149.171.126.1,5190,59.166.0.2,19618,tcp,FIN,0.004954,3572,564,29,31,1,2,-,5288655.5,797739.1875,12,8,255,255,2076200952,2075935118,298,71,0,0,0.669957,44.483289,1421935081,1421935081,0.450364,0.534143,0,0,0,0,0,0,0,0,1,1,1,1,1,1,1,,0
149.171.126.1,25,59.166.0.4,17660,tcp,FIN,0.472855,3268,37094,29,31,6,17,-,53919.27734,614513.9375,40,48,255,255,4114710791,4118036229,82,773,0,0,25.461508,791.955134,1421935084,1421935085,12.124487,10.046383,0,0,0,0,0,0,0,0,1,1,1,1,1,1,1,,0
149.171.126.1,26877,59.166.0.1,56715,tcp,CON,0.014991,10516,520,30,31,1,0,-,4910679.5,249749.8438,8,10,255,255,1424051370,3555585110,1315,52,0,0,100.539763,2.529499,1421935094,1421935094,1.716714,1.638556,0,0,0,0,0,0,0,0,1,1,1,1,1,1,1,,0
149.171.126.1,5624,59.166.0.2,45613,tcp,FIN,0.02378,42436,1664,29,31,15,0,-,13879899,542304.5,36,32,255,255,3246158121,1086134346,1179,52,0,0,0.877606,0.928519,1421935122,1421935122,0.679429,0.748355,0,0,0,0,0,0,0,0,1,1,1,1,1,1,1,,0
149.171.126.1,63364,59.166.0.7,65273,tcp,FIN,0.057903,22592,936,29,31,6,0,-,2972834,122135.2969,21,18,255,255,3572522336,3541847521,1076,52,0,0,200.729814,5.858867,1421935194,1421935194,2.89515,3.370235,0,0,0,0,0,0,0,0,1,1,1,1,1,1,1,,0
149.171.126.1,48915,59.166.0.7,6134,tcp,FIN,0.205502,2172,3368,29,31,3,3,-,79609.92969,120212.9375,17,12,255,255,4073017274,1924338469,128,281,0,0,903.086166,29.212607,1421935278,1421935278,12.843875,18.640182,0,0,0,0,0,0,0,0,1,1,1,1,1,1,1,,0
149.171.126.1,26315,59.166.0.2,55217,tcp,FIN,0.402,2864,4384,29,31,5,5,-,54805.96875,83283.57813,26,22,255,255,2148001495,4292437565,110,199,0,0,23.984002,25.209434,1421935324,1421935325,16.08,19.117428,0,0,0,0,0,0,0,0,1,1,1,1,1,1,1,,0
149.171.126.1,6881,59.166.0.8,18103,tcp,FIN,0.037683,1188,322,29,31,2,1,-,231191.7969,57107.98047,12,6,255,255,257230217,2380186297,99,54,0,0,6.301605,14.572671,1421935375,1421935375,3.425727,7.409,0,0,0,0,0,0,0,0,3,3,2,2,1,2,2,,0
149.171.126.1,6881,59.166.0.8,18952,tcp,FIN,0.035202,1188,208,29,31,1,0,-,247485.9375,35452.53125,12,4,255,255,257805492,234800579,99,52,0,0,6.710272,0.721484,1421935375,1421935375,3.200182,0.512667,0,0,0,0,0,0,0,0,3,3,2,2,1,2,2,,0
149.171.126.1,6881,59.166.0.8,16335,tcp,FIN,0.478894,126558,3630,29,31,38,3,-,2094242.125,59737.64453,106,67,255,255,241182117,2380184520,1194,54,0,0,297.147095,444.914494,1421935375,1421935376,4.560895,6.995,0,0,0,0,0,0,0,0,3,3,1,1,1,1,1,,0
149.171.126.1,5190,59.166.0.2,45535,tcp,FIN,1.281765,2232,4692,29,31,4,8,-,13300.41016,28310.96289,22,30,255,255,4276068420,4275704185,101,156,0,0,113.223023,3464.785081,1421936040,1421936042,61.022145,44.192619,0,0,0,0,0,0,0,0,1,1,1,1,1,1,1,,0
149.171.126.1,1080,59.166.0.7,65472,tcp,FIN,0.009712,4264,104,29,31,0,0,-,3010708.25,42833.60547,7,2,255,0,3455286199,3450228440,609,52,0,0,3.304772,0,1421936110,1421936111,1.618667,0.003,0,0,0,0,0,0,0,0,1,1,1,1,1,1,1,,0
149.171.126.1,111,59.166.0.5,53962,udp,INT,0.000004,152,0,29,0,0,0,-,152000000,0,2,0,0,0,0,0,76,0,0,0,0,0,1421936142,1421936142,0.004,0,0,0,0,0,0,0,0,0,1,1,1,1,1,1,1,,0
149.171.126.1,6881,59.166.0.8,44042,tcp,CON,2.475014,481253,12150,29,31,164,17,-,1551441.75,39088.26563,378,213,255,255,127145006,93297431,1273,57,0,0,2063.515628,85.513859,1421936141,1421936143,6.564475,11.041,0,0,0,0,0,0,0,0,1,1,1,1,1,1,1,,0
149.171.126.1,6881,59.166.0.8,42221,tcp,FIN,7.357285,485812,12064,29,31,165,16,-,526890,13056.99023,388,212,255,255,197972361,2242876310,1252,57,0,0,9689.234297,410.554438,1421936141,1421936148,19.011073,34.053238,0,0,0,0,0,0,0,0,2,2,1,1,1,1,1,,0
149.171.126.1,6881,59.166.0.8,7352,tcp,FIN,8.154664,879793,20514,29,31,297,29,-,861854.75,20069.98633,689,366,255,255,2268477607,93296597,1277,56,0,0,7147.741567,9802.623615,1421936141,1421936149,11.852709,21.880741,0,0,0,0,0,0,0,0,2,2,1,1,1,1,1,,0
149.171.126.1,40364,59.166.0.0,17277,udp,INT,0.000008,104,0,29,0,0,0,-,52000000,0,2,0,0,0,0,0,52,0,0,0,0,0,1421936160,1421936160,0.008,0,0,0,0,0,0,0,0,0,1,1,1,1,1,1,1,,0
149.171.126.1,25261,59.166.0.0,27246,tcp,CON,0.039861,4286,364,30,31,1,0,-,716891.1875,62617.59375,6,7,255,255,4250242435,2051794237,714,52,0,0,9.653505,9.189198,1421936910,1421936910,7.9296,5.8505,0,0,0,0,0,0,0,0,1,2,2,1,1,1,1,,0
149.171.126.1,43594,59.166.0.1,7248,tcp,FIN,0.033991,9071,1028,30,31,1,1,-,1982642.375,228531.0781,14,18,255,255,2279813795,2275381075,648,57,0,0,0,2.486431,1421937061,1421937061,2.614692,1.448941,0,0,0,0,0,0,0,0,1,1,1,1,1,1,1,,0
149.171.126.1,46234,59.166.0.1,4161,tcp,FIN,0.023606,9174,1280,29,32,3,2,-,2967720,414132,22,22,255,255,3453211162,3452929123,417,58,0,0,82.364897,2.034768,1421937073,1421937073,1.119,1.113286,0,0,0,0,0,0,0,0,1,2,2,1,1,1,1,,0
149.171.126.1,25190,59.166.0.4,61126,tcp,CON,0.007973,4056,0,29,0,0,0,-,2713156.75,0,3,0,255,0,3590895066,0,1352,0,0,0,3.9765,0,1421937113,1421937113,3.9865,0,0,0,0,0,0,0,0,0,1,1,1,1,1,1,1,,0
149.171.126.1,22,59.166.0.7,54159,tcp,FIN,2.981213,13880,10048,29,31,38,31,-,36986.28516,26767.62695,142,136,255,255,1697991690,3843130541,98,74,0,0,1402.506849,39.685953,1421937117,1421937120,21.139107,22.01483,0,0,0,0,0,0,0,0,2,1,1,1,1,1,1,,0
149.171.126.1,4073,59.166.0.6,6216,tcp,CON,0.009897,3790,468,29,31,1,0,-,2298070,336263.5,4,9,255,255,837535426,2972357297,948,52,0,0,4.251598,1.677099,1421937123,1421937123,3.011333,1.2065,0,0,0,0,0,0,0,0,2,1,1,1,1,1,1,,0
149.171.126.1,11541,59.166.0.3,13454,tcp,CON,0.019904,4056,364,30,31,0,0,-,1086816.625,125401.9219,3,7,255,255,3702591223,1523298118,1352,52,0,0,0.503,4.277357,1421937238,1421937238,0.51,3.273833,0,0,0,0,0,0,0,0,1,1,1,1,1,1,1,,0
149.171.126.1,25299,59.166.0.6,61768,tcp,FIN,0.085887,41396,1768,29,31,16,0,-,3754421.5,159837.9219,38,34,255,255,3919340383,3919008254,1089,52,0,0,2.839431,2.91512,1421937310,1421937310,2.32127,2.585939,0,0,0,0,0,0,0,0,1,1,1,1,1,1,1,,0
149.171.126.1,50043,59.166.0.1,43771,tcp,FIN,0.067338,5578,832,29,31,1,0,-,579880.625,92666.85156,8,16,255,255,2394700504,204083614,697,52,0,0,20.323842,6.690449,1421937408,1421937408,9.619714,4.447467,0,0,0,0,0,0,0,0,1,1,1,1,1,1,1,,0
149.171.126.1,80,59.166.0.5,60659,tcp,FIN,0,1033684,16120,29,31,350,0,-,164165.3438,2555.471436,706,310,255,255,4257243928,2101631876,1464,52,0,0,6096.976615,264.475844,1421937424,1421937475,71.349635,162.687125,0,0,0,0,0,0,0,0,1,1,1,1,1,1,1,,0
149.171.126.1,58260,59.166.0.5,39461,tcp,FIN,0.017644,19582,832,29,31,7,0,-,8434822,353661.3125,20,16,255,255,3126148063,3125874704,979,52,0,0,2.426981,2.568087,1421937717,1421937717,0.928632,1.130267,0,0,0,0,0,0,0,0,1,1,1,1,1,1,1,,0
149.171.126.1,5190,59.166.0.3,20370,tcp,CON,0.000087,228,0,29,0,0,0,-,15724138,0,4,0,255,0,441514731,0,57,0,0,0,0.03747,0,1421937888,1421937888,0.029,0,0,0,0,0,0,0,0,0,1,2,1,1,1,1,1,,0
149.171.126.1,80,59.166.0.6,39068,tcp,FIN,1.248094,3952,794,29,31,1,1,-,22799.56641,4243.270508,10,6,255,255,192285443,2336726716,395,132,0,0,380.593844,481.999656,1421937902,1421937903,138.677109,249.401,0,0,0,0,0,0,0,0,1,1,1,1,1,1,1,,0
149.171.126.1,111,59.166.0.1,37341,udp,CON,1.041976,312,284,29,31,0,0,-,1796.586548,1090.236328,4,2,0,0,0,0,78,142,0,0,491.184406,0,1421937923,1421937924,347.325344,0.011,0,0,0,0,0,0,0,0,1,1,1,1,1,1,1,,0
149.171.126.1,9666,59.166.0.1,11591,tcp,CON,0.035585,12559,960,29,31,2,1,-,2657524.25,203231.6875,17,17,255,255,925446370,3056150544,739,56,0,0,157.552327,3.476385,1421937953,1421937953,2.17425,2.211063,0,0,0,0,0,0,0,0,1,1,1,1,1,1,1,,0
149.171.126.1,41336,59.166.0.6,50358,tcp,FIN,0.000778,1824,104,29,31,0,0,-,15629820,534704.375,6,2,255,0,3608449616,3373003644,304,52,0,0,0.191164,0,1421938183,1421938183,0.1556,0.003,0,0,0,0,0,0,0,0,1,1,1,1,1,1,1,,0
149.171.126.1,47288,59.166.0.6,2521,tcp,FIN,0.002446,1700,1056,30,31,3,3,-,5056418.5,2878168.5,11,6,255,255,1763697490,1760265419,155,176,0,0,12.010311,0.203039,1421938216,1421938216,0.2446,0.1702,0,0,0,0,0,0,0,0,1,1,1,1,1,1,1,,0
149.171.126.1,80,59.166.0.9,35414,tcp,FIN,1.006956,3952,794,29,31,1,1,-,28259.42773,5259.415527,10,6,255,255,699978213,662974791,395,132,0,0,315.994062,399.421844,1421938261,1421938262,111.884,200.142406,0,0,0,0,0,0,0,0,1,1,1,1,1,1,1,,0
149.171.126.1,80,59.166.0.5,61829,tcp,FIN,1.438865,915278,16900,29,31,303,0,-,5080799.5,93673.83594,629,325,255,255,2167938694,2167035938,1455,52,0,0,149.766786,6.086881,1421938692,1421938694,2.291186,4.412611,0,0,0,0,0,0,0,0,1,1,1,1,1,1,1,,0
149.171.126.1,54202,59.166.0.1,29482,tcp,FIN,0.001227,1604,104,29,31,0,0,-,6976365,339038.2813,3,2,255,255,1126692019,3269881351,535,52,0,0,0.6095,0,1421938769,1421938769,0.6135,0.007,0,0,0,0,0,0,0,0,1,2,2,1,1,1,1,,0
149.171.126.1,24765,59.166.0.2,55716,udp,CON,0.10198,304,280,29,31,0,0,-,17885.85938,10982.5459,4,2,0,0,0,0,76,140,0,0,48.06959,0,1421938815,1421938815,33.993332,0.032,0,0,0,0,0,0,0,0,2,3,2,1,1,1,1,,0
149.171.126.1,111,59.166.0.2,24648,udp,CON,0.372921,304,284,29,31,0,0,-,4891.116699,3046.22168,4,2,0,0,0,0,76,142,0,0,175.793813,0,1421938815,1421938816,124.307,0.003,0,0,0,0,0,0,0,0,2,3,1,1,1,1,1,,0
149.171.126.1,42747,59.166.0.8,44238,tcp,FIN,0.395833,2756,4152,29,31,5,4,-,53477.09766,79508.28125,25,19,255,255,1168661506,3310984039,110,219,0,0,24.143314,26.197041,1421938834,1421938834,16.493041,20.195834,0,0,0,0,0,0,0,0,1,1,1,1,1,1,1,,0
149.171.126.1,53321,59.166.0.5,53231,tcp,CON,0.044157,22206,1392,29,31,5,2,-,3840297.25,241320.75,22,23,255,255,3917232170,1748303393,1009,61,0,0,140.159135,0,1421938882,1421938882,2.089381,1.994864,0,0,0,0,0,0,0,0,1,1,1,1,1,1,1,,0
149.171.126.1,13347,59.166.0.5,15608,tcp,FIN,0.099549,22424,1912,29,32,5,1,-,1735346.375,149313.4063,27,35,255,255,2452487978,2408789699,831,55,0,0,0,3.949886,1421938901,1421938901,3.823154,2.900206,0,0,0,0,0,0,0,0,1,2,2,1,1,1,1,,0
149.171.126.1,51817,59.166.0.7,50370,tcp,CON,0.012253,4056,260,29,31,0,0,-,1765445.125,135803.4688,3,5,255,255,1033785131,1033465120,1352,52,0,0,178.43832,3.496372,1421938916,1421938916,3.995,3.001,0,0,0,0,0,0,0,0,1,2,2,1,1,1,1,,0
149.171.126.1,5190,59.166.0.8,56678,tcp,FIN,0.663521,2262,1194,29,31,3,4,-,25910.25781,13503.71777,20,16,255,255,3195817904,1045980668,113,75,0,0,69.607016,2773.132072,1421938920,1421938921,34.922156,44.199332,0,0,0,0,0,0,0,0,1,1,1,1,1,1,1,,0
149.171.126.1,53,59.166.0.3,14534,udp,INT,0.000002,178,0,29,0,0,0,-,356000000,0,2,0,0,0,0,0,89,0,0,0,0,0,1421938932,1421938932,0.002,0,0,0,0,0,0,0,0,0,1,1,1,1,1,1,1,,0
149.171.126.1,26240,59.166.0.3,28215,tcp,FIN,0.027826,3686,1040,29,32,2,2,-,1001078.125,282613.375,18,18,255,255,919091298,3046729887,205,58,0,0,4.29321,1.679903,1421938998,1421938998,1.636823,1.148765,0,0,0,0,0,0,0,0,1,1,1,1,1,1,1,,0
149.171.126.1,53,59.166.0.1,65376,udp,INT,0.000002,178,0,29,0,0,0,-,356000000,0,2,0,0,0,0,0,89,0,0,0,0,0,1421939982,1421939982,0.002,0,0,0,0,0,0,0,0,0,1,1,1,1,1,1,1,,0
149.171.126.1,8549,59.166.0.4,38213,tcp,FIN,0.018284,5512,572,29,32,0,0,-,2010063.375,227521.3281,6,11,255,255,1186996702,3325436939,919,52,0,0,180.594426,2.92428,1421939987,1421939987,3.6156,1.7921,0,0,0,0,0,0,0,0,1,1,1,1,1,1,1,,0
149.171.126.1,25002,59.166.0.0,24612,tcp,FIN,0.011834,626,634,30,31,0,3,-,363021.7813,375190.125,7,8,255,255,3053363484,3053048770,89,79,0,0,4.338598,10.74268,1421940011,1421940011,1.972333,0.145286,0,0,0,0,0,0,0,0,1,2,2,1,1,1,1,,0
149.171.126.1,32881,59.166.0.4,2346,tcp,FIN,0.000756,2912,104,29,31,0,0,-,25682540,550264.5625,6,2,255,0,3368283657,3361375171,485,52,0,0,0.184999,0,1421940015,1421940015,0.1512,0.003,0,0,0,0,0,0,0,0,1,1,1,1,1,1,1,,0
149.171.126.1,6881,59.166.0.1,47869,tcp,FIN,0,901872,19430,29,31,314,27,-,2165600.5,46593.20313,695,356,255,255,1403063060,3544744726,1298,55,0,0,2974.962472,131.239031,1421940205,1421940209,4.793713,9.35936,0,0,0,0,0,0,0,0,1,1,1,1,1,1,1,,0
149.171.126.1,11693,59.166.0.1,35157,tcp,CON,0.016059,5480,104,29,31,0,0,-,2275110.5,25904.47656,6,2,255,255,1506954973,1478995980,913,52,0,0,211.647272,0,1421940674,1421940674,3.2118,0.003,0,0,0,0,0,0,0,0,1,1,1,1,1,1,1,,0
149.171.126.1,143,59.166.0.4,23168,tcp,FIN,0.988886,12258,6188,29,31,24,23,-,98154.89063,49534.52734,98,94,255,255,3032107753,881579167,125,66,0,0,607.190203,15.889894,1421940691,1421940692,10.194701,10.625968,0,0,0,0,0,0,0,0,1,1,1,1,1,1,1,,0
149.171.126.1,80,59.166.0.8,46427,tcp,FIN,1.002064,3952,794,29,31,1,1,-,28397.38867,5285.091797,10,6,255,255,2283352760,2282324982,395,132,0,0,314.481406,399.568156,1421940769,1421940770,111.340445,200.255,0,0,0,0,0,0,0,0,1,1,1,1,1,1,1,,0
149.171.126.1,37808,59.166.0.5,63451,tcp,FIN,0.158727,28572,1664,29,31,12,2,-,1402206.25,81095.21094,38,30,255,255,1962847813,4107354186,752,55,0,0,10.099253,4.370022,1421940779,1421940779,4.289919,3.388586,0,0,0,0,0,0,0,0,1,1,1,1,1,1,1,,0
149.171.126.1,10871,59.166.0.5,59723,tcp,FIN,0.000803,1752,104,29,31,0,0,-,14545454,518057.2813,6,2,255,0,1975959894,1877331923,292,52,0,0,0.201379,0,1421940858,1421940858,0.1606,0.004,0,0,0,0,0,0,0,0,1,2,1,1,1,1,1,,0
149.171.126.1,143,59.166.0.3,64677,tcp,FIN,0.033219,15020,7368,29,31,29,28,-,3587585.5,1758993.375,122,114,255,255,2206994122,2209630786,123,65,0,0,15.710802,0.508437,1421940901,1421940901,0.274537,0.288062,0,0,0,0,0,0,0,0,1,1,1,1,1,1,1,,0
149.171.126.1,18312,59.166.0.9,6925,tcp,FIN,0.000844,2712,104,29,31,0,0,-,21421800,492890.9688,6,2,255,0,2658744263,405345784,452,52,0,0,0.201133,0,1421940966,1421940966,0.1688,0.004,0,0,0,0,0,0,0,0,1,1,1,1,1,1,1,,0
149.171.126.1,36151,59.166.0.7,14642,tcp,FIN,0.184131,8712,208,29,31,1,0,-,340670.5,6777.783203,10,4,255,255,3700746993,897856448,871,52,0,0,57.102137,86.058195,1421940972,1421940972,20.459,60.856332,0,0,0,0,0,0,0,0,1,1,1,1,1,1,1,,0
149.171.126.1,22,59.166.0.2,12729,tcp,CON,0.009843,2688,304,29,31,3,1,-,2048156,185309.3594,16,4,255,255,2015692930,4160790235,168,76,0,0,0,0.009446,1421940983,1421940983,0.6562,0.010667,0,0,0,0,0,0,0,0,1,2,1,1,1,1,1,,0
149.171.126.1,58443,59.166.0.4,61016,udp,INT,0.000002,104,0,29,0,0,0,-,208000000,0,2,0,0,0,0,0,52,0,0,0,0,0,1421941064,1421941064,0.002,0,0,0,0,0,0,0,0,0,1,1,1,1,1,1,1,,0
149.171.126.1,49402,59.166.0.2,42641,tcp,CON,0.043294,17154,936,30,31,2,0,-,2943410,163348.2656,14,18,255,255,806606259,2943096054,1225,52,0,0,204.563501,3.963479,1421941661,1421941661,3.253077,2.532177,0,0,0,0,0,0,0,0,1,1,1,1,1,1,1,,0
149.171.126.1,52881,59.166.0.8,15693,tcp,FIN,0.000702,1790,104,29,31,0,0,-,17002850,592592.625,6,2,255,0,303626411,291059722,298,52,0,0,0.171455,0,1421941671,1421941671,0.1404,0.004,0,0,0,0,0,0,0,0,1,1,1,1,1,1,1,,0
149.171.126.1,33790,59.166.0.8,50169,tcp,CON,0.000005,2704,0,29,0,0,0,-,2163200000,0,2,0,255,0,2242886209,0,1352,0,0,0,0,0,1421941692,1421941692,0.005,0,0,0,0,0,0,0,0,0,3,2,2,1,1,1,1,,0
149.171.126.1,22,59.166.0.5,46335,tcp,FIN,0.600763,3232,4924,29,31,5,14,-,41973.28906,64051.87891,40,43,255,255,186455589,186155254,81,115,0,0,1779.448893,1713.276838,1421941692,1421941693,15.400974,14.299261,0,0,0,0,0,0,0,0,3,1,1,2,1,1,1,,0
149.171.126.1,41844,59.166.0.6,34916,tcp,FIN,0.147805,1064,2368,29,31,1,1,-,51852.10156,106843.4688,10,6,255,255,2635083839,486158757,106,395,0,0,35.973691,44.814563,1421941693,1421941693,16.422777,29.451199,0,0,0,0,0,0,0,0,3,1,1,2,1,1,1,,0
149.171.126.1,38888,59.166.0.1,12940,udp,CON,0.001376,304,288,29,31,0,0,-,1325581.375,837209.3125,4,2,0,0,0,0,76,144,0,0,0.645118,0,1421941801,1421941801,0.458667,0.001,0,0,0,0,0,0,0,0,1,1,1,1,1,1,1,,0
149.171.126.1,21,59.166.0.0,60587,tcp,FIN,8.08682,3630,2718,29,31,13,10,-,3522.769287,2633.420898,52,48,255,255,2316113517,2299550310,70,57,0,0,316.670969,322.482844,1421941803,1421941811,158.565094,172.044953,0,0,0,0,0,0,0,0,1,1,1,1,1,1,1,,0
149.171.126.1,5190,59.166.0.6,60449,tcp,FIN,0.082791,1464,602,29,31,1,2,-,127356.8359,50923.41016,10,8,255,255,2691661453,541775016,146,75,0,0,17.712381,712.068718,1421941829,1421941829,9.199,11.740429,0,0,0,0,0,0,0,0,1,1,1,1,1,1,1,,0
149.171.126.1,22,59.166.0.4,36853,tcp,FIN,2.282604,13078,12432,29,31,30,34,-,45463.86719,43217.30859,123,122,255,255,1964787414,1964488429,106,102,0,0,1639.248008,1689.02544,1421941878,1421941880,18.708672,18.862141,0,0,0,0,0,0,0,0,1,1,1,1,1,1,1,,0
149.171.126.1,50246,59.166.0.4,53105,tcp,CON,0.019619,17256,624,30,31,5,0,-,6596870.5,233243.2969,16,12,255,255,514848343,2659940166,1079,52,0,0,76.737537,3.220423,1421941890,1421941890,1.307933,1.653455,0,0,0,0,0,0,0,0,1,1,1,1,1,1,1,,0
149.171.126.1,39080,59.166.0.4,44837,tcp,FIN,0.008852,4264,208,29,31,0,0,-,3303208.25,140985.0781,7,4,255,255,3206987025,3206715316,609,52,0,0,2.3058,3.609545,1421941908,1421941908,1.475333,2.559333,0,0,0,0,0,0,0,0,1,1,1,1,1,1,1,,0
149.171.126.1,44368,59.166.0.3,45863,tcp,CON,0.018323,5872,520,30,31,0,0,-,2051192.375,204333.3438,5,10,255,255,997446849,997135006,1174,52,0,0,192.081506,3.255363,1421941908,1421941908,4.5145,2.013111,0,0,0,0,0,0,0,0,1,1,1,1,1,1,1,,0
149.171.126.1,6881,59.166.0.5,19092,tcp,FIN,1.555606,541760,12652,29,31,191,18,-,2779598.5,64777.32813,428,222,255,255,601459346,557663565,1266,57,0,0,304.748398,12.115086,1421942022,1421942024,3.643106,6.96938,0,0,0,0,0,0,0,0,1,2,1,1,1,1,1,,0
149.171.126.1,111,59.166.0.3,63345,udp,INT,0.073007,320,0,29,0,0,0,-,26298.84766,0,4,0,0,0,0,0,80,0,0,0,34.411586,0,1421942081,1421942081,24.335666,0,0,0,0,0,0,0,0,0,1,1,1,1,1,1,1,,0
149.171.126.1,22,59.166.0.9,56045,tcp,FIN,1.955758,29028,13696,29,31,55,41,-,118174.1328,55720.59766,209,184,255,255,3233881868,1088118070,139,74,0,0,755.12121,812.76738,1421942123,1421942125,9.402683,10.670699,0,0,0,0,0,0,0,0,1,1,1,1,1,1,1,,0
149.171.126.1,27214,59.166.0.6,18174,tcp,FIN,0.170131,8712,208,29,31,0,0,-,368704.125,7335.523926,10,4,255,255,304343326,1662861721,871,52,0,0,52.0115,0.246545,1421942616,1421942616,18.903445,0.178333,0,0,0,0,0,0,0,0,1,1,1,1,1,1,1,,0
149.171.126.1,80,59.166.0.6,57082,tcp,FIN,1.002353,3952,794,29,31,1,1,-,28389.20117,5283.567871,10,6,255,255,4281737768,2131127731,395,132,0,0,314.4945,399.669781,1421942784,1421942785,111.372555,200.317797,0,0,0,0,0,0,0,0,1,2,1,1,1,1,1,,0
149.171.126.1,80,59.166.0.0,27219,tcp,FIN,1.023001,4112,898,29,31,1,1,-,28942.29883,6146.621582,10,8,255,255,2665211564,518874366,411,112,0,0,317.605656,350.847875,1421942834,1421942835,113.666781,145.201,0,0,0,0,0,0,0,0,1,2,1,1,1,1,1,,0
149.171.126.1,22,59.166.0.7,18035,tcp,FIN,0.636406,8002,5712,29,31,15,13,-,98867.70313,70571.30469,58,58,255,255,2246572579,2246261349,138,98,0,0,0,651.878226,1421942902,1421942902,11.162579,11.160017,0,0,0,0,0,0,0,0,1,1,1,1,1,1,1,,0
149.171.126.1,6881,59.166.0.7,17151,tcp,CON,0.008651,1106,0,29,0,0,0,-,895156.5625,0,8,0,255,0,4037664293,0,138,0,0,0,3.017422,0,1421942969,1421942969,1.235857,0,0,0,0,0,0,0,0,0,2,2,1,1,1,1,1,,0
149.171.126.1,6881,59.166.0.7,64901,tcp,FIN,1.071808,23494,658,29,31,8,0,-,168059.9531,4508.27002,24,12,255,255,4032405230,4027370885,979,55,0,0,6981.079627,70.334245,1421942969,1421942970,46.600349,1.188818,0,0,0,0,0,0,0,0,2,2,1,1,1,1,1,,0
149.171.126.1,111,59.166.0.8,1432,udp,INT,0.56392,304,0,29,0,0,0,-,3234.501221,0,4,0,0,0,0,0,76,0,0,0,265.82525,0,1421942977,1421942977,187.973328,0,0,0,0,0,0,0,0,0,1,1,1,1,1,1,1,,0
149.171.126.1,6881,59.166.0.7,37670,tcp,FIN,0,904518,19880,29,31,314,28,-,1577730.375,34631.51172,700,364,255,255,1571037151,3712662700,1292,55,0,0,3602.882213,157.642141,1421943036,1421943041,6.552039,12.602694,0,0,0,0,0,0,0,0,1,1,1,1,1,1,1,,0
149.171.126.1,25,59.166.0.5,2745,tcp,FIN,0.53071,3268,37186,29,31,6,17,-,48041.30469,548879.8125,40,48,255,255,860348958,2979529791,82,775,0,0,26.319689,846.196297,1421943440,1421943441,13.607948,11.278957,0,0,0,0,0,0,0,0,1,1,1,1,1,1,1,,0
149.171.126.1,16493,59.166.0.6,64447,tcp,FIN,0.026822,9672,416,29,31,1,0,-,2622623.25,108567.5938,11,8,255,255,230017324,206914236,879,52,0,0,181.49469,8.401369,1421943500,1421943500,2.6822,3.748428,0,0,0,0,0,0,0,0,1,1,1,1,1,1,1,,0
149.171.126.1,53,59.166.0.1,43396,udp,INT,0.000006,178,0,29,0,0,0,-,118666664,0,2,0,0,0,0,0,89,0,0,0,0,0,1421943598,1421943598,0.006,0,0,0,0,0,0,0,0,0,1,1,1,1,1,1,1,,0
149.171.126.1,38106,59.166.0.9,12185,tcp,FIN,0.056302,19356,1392,29,31,2,1,-,2625413,189975.4844,22,25,255,255,1535366214,3657017916,880,56,0,0,170.381573,4.454697,1421943616,1421943616,2.653667,2.336625,0,0,0,0,0,0,0,0,2,1,1,1,1,1,1,,0
149.171.126.1,25,59.166.0.2,34497,tcp,FIN,0.505684,3060,31026,29,31,6,13,-,47064.96484,479682.9375,36,44,255,255,3719783939,3712824288,85,705,0,0,36.184723,1101.851158,1421943617,1421943617,14.448114,11.746418,0,0,0,0,0,0,0,0,2,2,2,1,1,1,1,,0
149.171.126.1,44902,59.166.0.2,12779,tcp,CON,0.001232,4056,208,30,31,0,0,-,17558442,1012987.063,3,4,255,255,4001987079,1837640914,1352,52,0,0,0.449,0.446656,1421943660,1421943660,0.459,0.320333,0,0,0,0,0,0,0,0,1,1,1,1,1,1,1,,0
149.171.126.1,25543,59.166.0.7,27670,udp,CON,0.00153,304,288,29,31,0,0,-,1192156.875,752941.1875,4,2,0,0,0,0,76,144,0,0,0.712059,0,1421943699,1421943699,0.51,0.003,0,0,0,0,0,0,0,0,1,1,1,1,1,1,1,,0
149.171.126.1,80,59.166.0.9,57875,tcp,FIN,1.00182,3952,794,29,31,1,1,-,28404.30469,5286.378906,10,6,255,255,2701986258,555575517,395,132,0,0,314.443594,399.622,1421943754,1421943755,111.313336,200.228,0,0,0,0,0,0,0,0,1,2,1,1,1,1,1,,0
149.171.126.1,35156,59.166.0.9,15767,tcp,FIN,0.144379,34914,1704,30,31,7,1,-,1874122.875,91426.03906,32,31,255,255,353957203,2451028012,1091,55,0,0,242.996759,5.721114,1421943768,1421943768,4.657387,4.4705,0,0,0,0,0,0,0,0,1,1,1,1,1,1,1,,0
149.171.126.1,14063,59.166.0.7,58252,tcp,CON,0.002267,6000,104,29,31,0,0,-,15880017,183502.4219,4,2,255,255,2942221283,691235430,1500,52,0,0,0.955302,0,1421944446,1421944446,0.68,0.003,0,0,0,0,0,0,0,0,1,1,1,1,1,1,1,,0
149.171.126.1,3940,59.166.0.8,43404,tcp,CON,0.000002,104,0,29,0,0,0,-,208000000,0,2,0,255,0,3420233395,0,52,0,0,0,0,0,1421944561,1421944561,0.002,0,0,0,0,0,0,0,0,0,2,2,2,2,1,1,2,,0
149.171.126.1,56548,59.166.0.8,48157,udp,CON,0.000664,204,288,30,31,0,0,-,1638554.25,1734939.75,3,2,0,0,0,0,68,144,0,0,0.325,0,1421944561,1421944561,0.332,0.003,0,0,0,0,0,0,0,0,2,2,2,2,1,1,2,,0
149.171.126.1,1954,59.166.0.5,58383,tcp,FIN,0.017056,5954,364,29,31,1,0,-,2560037.5,146341.4688,12,7,255,255,1214459481,1202213490,496,52,0,0,2.702312,1.502227,1421944661,1421944661,1.550545,1.354167,0,0,0,0,0,0,0,0,1,1,1,1,1,1,1,,0
149.171.126.1,28757,59.166.0.0,28856,udp,CON,0.174946,304,296,29,31,0,0,-,10426.07422,6767.802734,4,2,0,0,0,0,76,148,0,0,82.466797,0,1421944705,1421944706,58.315332,0.001,0,0,0,0,0,0,0,0,1,1,1,1,1,1,1,,0
149.171.126.1,12958,59.166.0.4,35827,tcp,FIN,0.226655,2160,2944,29,31,3,3,-,72003.70313,96499.07813,18,14,255,255,4119671223,4115477444,120,210,0,0,20.921703,22.557033,1421944745,1421944745,13.332647,17.346924,0,0,0,0,0,0,0,0,1,1,1,1,1,1,1,,0
149.171.126.1,6881,59.166.0.6,14597,tcp,FIN,0.258541,141424,2944,29,31,47,4,-,4337355,89424.89063,113,54,255,255,3700142145,1547908798,1252,55,0,0,208.261432,8.975037,1421944821,1421944821,2.308402,4.850491,0,0,0,0,0,0,0,0,3,3,3,3,3,3,3,,0
149.171.126.1,6881,59.166.0.6,14597,tcp,FIN,0.258541,141424,2944,29,31,47,4,-,4337355,89424.89063,113,54,255,255,3700142145,1547908798,1252,55,0,0,208.261432,8.975037,1421944821,1421944821,2.308402,4.850491,0,0,0,0,0,0,0,0,3,3,3,3,3,3,3,,0
149.171.126.1,6881,59.166.0.6,14597,tcp,FIN,0.258541,141424,2944,29,31,47,4,-,4337355,89424.89063,113,54,255,255,3700142145,1547908798,1252,55,0,0,208.261432,8.975037,1421944821,1421944821,2.308402,4.850491,0,0,0,0,0,0,0,0,3,3,3,3,3,3,3,,0
149.171.126.1,5190,59.166.0.1,7225,tcp,FIN,1.245574,1456,968,29,31,1,2,-,8420.213867,5774.044922,10,14,255,255,1863014073,4012347525,146,69,0,0,207.693266,188.753172,1421945332,1421945333,138.382891,95.787305,0,0,0,0,0,0,0,0,4,4,4,4,4,4,4,,0
149.171.126.1,5190,59.166.0.1,7225,tcp,FIN,1.245574,1456,968,29,31,1,2,-,8420.213867,5774.044922,10,14,255,255,1863014073,4012347525,146,69,0,0,207.693266,188.753172,1421945332,1421945333,138.382891,95.787305,0,0,0,0,0,0,0,0,4,4,4,4,4,4,4,,0
149.171.126.1,5190,59.166.0.1,7225,tcp,FIN,1.245574,1456,968,29,31,1,2,-,8420.213867,5774.044922,10,14,255,255,1863014073,4012347525,146,69,0,0,207.693266,188.753172,1421945332,1421945333,138.382891,95.787305,0,0,0,0,0,0,0,0,4,4,4,4,4,4,4,,0
149.171.126.1,5190,59.166.0.1,7225,tcp,FIN,1.245574,1456,968,29,31,1,2,-,8420.213867,5774.044922,10,14,255,255,1863014073,4012347525,146,69,0,0,207.693266,188.753172,1421945332,1421945333,138.382891,95.787305,0,0,0,0,0,0,0,0,4,4,4,4,4,4,4,,0
149.171.126.1,25,59.166.0.5,18186,tcp,FIN,0.034486,1404,18648,29,31,2,5,-,311082.75,4145682.25,22,24,255,255,356385969,2500804768,64,777,0,0,3.953169,91.65116,1421945361,1421945361,1.64219,1.465652,0,0,0,0,0,0,0,0,1,1,1,1,1,1,1,,0
149.171.126.1,17465,59.166.0.0,63375,tcp,FIN,0.047156,36216,1716,29,32,13,0,-,5939265.5,282297.0625,30,33,255,255,2736637410,572966481,1207,52,0,0,2.885799,2.034876,1421945372,1421945372,1.620931,1.464625,0,0,0,0,0,0,0,0,2,2,2,2,2,2,2,,0
149.171.126.1,17465,59.166.0.0,63375,tcp,FIN,0.047156,36216,1716,29,32,13,0,-,5939265.5,282297.0625,30,33,255,255,2736637410,572966481,1207,52,0,0,2.885799,2.034876,1421945372,1421945372,1.620931,1.464625,0,0,0,0,0,0,0,0,2,2,2,2,2,2,2,,0
149.171.126.1,17465,59.166.0.0,63375,tcp,FIN,0.047156,36216,1716,29,32,13,0,-,5939265.5,282297.0625,30,33,255,255,2736637410,572966481,1207,52,0,0,2.885799,2.034876,1421945372,1421945372,1.620931,1.464625,0,0,0,0,0,0,0,0,1,1,1,1,1,1,1,,0
149.171.126.1,23500,59.166.0.9,60491,tcp,FIN,0.826821,2916,4064,29,31,5,5,-,27169.12109,37541.37891,27,22,255,255,3401606737,995941193,108,185,0,0,50.898477,54.520504,1421945477,1421945478,31.800809,38.344,0,0,0,0,0,0,0,0,4,4,4,4,4,4,4,,0
149.171.126.1,23500,59.166.0.9,60491,tcp,FIN,0.826821,2916,4064,29,31,5,5,-,27169.12109,37541.37891,27,22,255,255,3401606737,995941193,108,185,0,0,50.898477,54.520504,1421945477,1421945478,31.800809,38.344,0,0,0,0,0,0,0,0,4,4,4,4,4,4,4,,0
149.171.126.1,23500,59.166.0.9,60491,tcp,FIN,0.826821,2916,4064,29,31,5,5,-,27169.12109,37541.37891,27,22,255,255,3401606737,995941193,108,185,0,0,50.898477,54.520504,1421945477,1421945478,31.800809,38.344,0,0,0,0,0,0,0,0,4,4,4,4,4,4,4,,0
149.171.126.1,23500,59.166.0.9,60491,tcp,FIN,0.826821,2916,4064,29,31,5,5,-,27169.12109,37541.37891,27,22,255,255,3401606737,995941193,108,185,0,0,50.898477,54.520504,1421945477,1421945478,31.800809,38.344,0,0,0,0,0,0,0,0,4,4,4,4,4,4,4,,0
149.171.126.1,22,59.166.0.4,1393,tcp,FIN,2.604417,13090,12640,29,31,31,34,-,39879.94141,38519.17578,122,126,255,255,2676703860,531036246,107,100,0,0,1529.709207,1502.558491,1421945498,1421945500,21.522662,20.833769,0,0,0,0,0,0,0,0,1,1,1,1,1,1,1,,0
149.171.126.1,29644,59.166.0.7,21778,tcp,FIN,0.002652,2712,104,29,31,0,0,-,6817496.5,156862.75,6,2,255,0,3133288309,888852483,452,52,0,0,0.803038,0,1421945566,1421945566,0.5304,0.007,0,0,0,0,0,0,0,0,1,1,1,1,1,1,1,,0
149.171.126.1,29644,59.166.0.7,21778,tcp,FIN,0.002652,2712,104,29,31,0,0,-,6817496.5,156862.75,6,2,255,0,3133288309,888852483,452,52,0,0,0.803038,0,1421945566,1421945566,0.5304,0.007,0,0,0,0,0,0,0,0,2,2,2,2,2,2,2,,0
149.171.126.1,29644,59.166.0.7,21778,tcp,FIN,0.002652,2712,104,29,31,0,0,-,6817496.5,156862.75,6,2,255,0,3133288309,888852483,452,52,0,0,0.803038,0,1421945566,1421945566,0.5304,0.007,0,0,0,0,0,0,0,0,2,2,2,2,2,2,2,,0
149.171.126.1,143,59.166.0.2,52059,tcp,FIN,0.011708,7844,2454,29,31,9,9,-,5238128,1633071.5,44,38,255,255,2740466623,594014965,178,65,0,0,0.454328,0.487635,1421945601,1421945601,0.272279,0.299081,0,0,0,0,0,0,0,0,1,1,1,1,1,1,1,,0
149.171.126.1,143,59.166.0.2,52059,tcp,FIN,0.011708,7844,2454,29,31,9,9,-,5238128,1633071.5,44,38,255,255,2740466623,594014965,178,65,0,0,0.454328,0.487635,1421945601,1421945601,0.272279,0.299081,0,0,0,0,0,0,0,0,2,2,2,2,2,2,2,,0
149.171.126.1,143,59.166.0.2,52059,tcp,FIN,0.011708,7844,2454,29,31,9,9,-,5238128,1633071.5,44,38,255,255,2740466623,594014965,178,65,0,0,0.454328,0.487635,1421945601,1421945601,0.272279,0.299081,0,0,0,0,0,0,0,0,2,2,2,2,2,2,2,,0
149.171.126.1,111,59.166.0.4,15329,udp,CON,0.002218,152,284,29,31,0,0,-,274120.8438,512173.1563,2,2,0,0,0,0,76,142,0,0,0,0,1421945626,1421945626,0.007,0.003,0,0,0,0,0,0,0,0,1,1,1,1,1,1,1,,0
149.171.126.1,111,59.166.0.4,15329,udp,CON,0.002218,152,284,29,31,0,0,-,274120.8438,512173.1563,2,2,0,0,0,0,76,142,0,0,0,0,1421945626,1421945626,0.007,0.003,0,0,0,0,0,0,0,0,1,1,1,1,1,1,1,,0
149.171.126.1,22831,59.166.0.6,24697,tcp,FIN,0.006787,13728,520,29,31,4,0,-,15026373,551642.8125,14,10,255,255,991241250,3117079323,981,52,0,0,0.734766,0.785488,1421945641,1421945641,0.522077,0.689667,0,0,0,0,0,0,0,0,3,3,3,3,3,3,3,,0
149.171.126.1,22831,59.166.0.6,24697,tcp,FIN,0.006787,13728,520,29,31,4,0,-,15026373,551642.8125,14,10,255,255,991241250,3117079323,981,52,0,0,0.734766,0.785488,1421945641,1421945641,0.522077,0.689667,0,0,0,0,0,0,0,0,3,3,3,3,3,3,3,,0
149.171.126.1,22831,59.166.0.6,24697,tcp,FIN,0.006787,13728,520,29,31,4,0,-,15026373,551642.8125,14,10,255,255,991241250,3117079323,981,52,0,0,0.734766,0.785488,1421945641,1421945641,0.522077,0.689667,0,0,0,0,0,0,0,0,3,3,3,3,3,3,3,,0
149.171.126.1,25,59.166.0.9,53201,tcp,FIN,0.009711,710,324,29,31,1,1,-,526413.3125,222428.1719,10,6,255,255,3798521996,3793371356,71,54,0,0,1.858531,2.223699,1421945922,1421945922,1.079,1.8186,0,0,0,0,0,0,0,0,1,1,1,1,1,1,1,,0
149.171.126.1,143,59.166.0.0,50818,tcp,FIN,1.611915,14498,7114,29,31,28,27,-,71348.67188,34989.4375,118,110,255,255,1080857089,1079735372,123,65,0,0,925.454237,26.322209,1421946307,1421946309,13.777052,14.782275,0,0,0,0,0,0,0,0,1,1,1,1,1,1,1,,0
149.171.126.1,38673,59.166.0.1,35168,udp,CON,0.000919,304,296,29,31,0,0,-,1984766,1288356.875,4,2,0,0,0,0,76,148,0,0,0.426857,0,1421946389,1421946389,0.306333,0.005,0,0,0,0,0,0,0,0,1,1,1,1,1,1,1,,0
149.171.126.1,22,59.166.0.8,29244,tcp,FIN,4.62189,46496,23584,29,31,94,71,-,80237.30469,40691.57813,332,312,255,255,2260078490,110191240,140,76,0,0,1008.353385,1029.338315,1421946406,1421946410,13.963414,14.85918,0,0,0,0,0,0,0,0,1,1,1,1,1,1,1,,0
149.171.126.1,53,59.166.0.4,18203,udp,INT,0.000003,178,0,29,0,0,0,-,237333328,0,2,0,0,0,0,0,89,0,0,0,0,0,1421946429,1421946429,0.003,0,0,0,0,0,0,0,0,0,1,1,1,1,1,1,1,,0
149.171.126.1,143,59.166.0.4,64030,tcp,FIN,4.68278,13408,5912,29,31,26,23,-,22683.96289,9999.189453,103,99,255,255,1161211523,1145290670,130,60,0,0,3269.356711,3306.484746,1421946429,1421946434,45.909607,47.776888,0,0,0,0,0,0,0,0,1,1,1,1,1,1,1,,0
149.171.126.1,80,59.166.0.9,61090,tcp,FIN,9.257932,961674,15080,29,31,325,0,-,829743,12986.05371,658,290,255,255,3523963615,1361992991,1462,52,0,0,1287.836415,54.625277,1421947350,1421947359,14.091221,32.00473,0,0,0,0,0,0,0,0,1,1,1,1,1,1,1,,0
149.171.126.1,25,59.166.0.1,34231,tcp,FIN,0.035552,1610,30372,29,31,2,10,-,347209.7188,6606661,24,30,255,255,1357966052,1357001596,67,1012,0,0,3.022225,71.656972,1421947897,1421947897,1.545739,1.204828,0,0,0,0,0,0,0,0,1,1,1,1,1,1,1,,0
149.171.126.1,38282,59.166.0.3,12335,tcp,CON,0.01472,8632,364,29,32,3,0,-,4300543.5,169565.2188,12,7,255,255,1630150674,3767413417,719,52,0,0,80.221251,3.332593,1421947904,1421947904,1.312727,2.4135,0,0,0,0,0,0,0,0,1,2,2,1,1,1,1,,0
149.171.126.1,19259,59.166.0.2,59484,tcp,CON,0.00175,2456,208,29,31,0,0,-,8420571,713142.8125,4,4,255,255,1045202591,1037127433,614,52,0,0,0.182434,0.52373,1421947925,1421947925,0.134,0.374333,0,0,0,0,0,0,0,0,1,2,1,1,1,1,1,,0
149.171.126.1,80,59.166.0.7,8204,tcp,FIN,5.936116,1032174,16848,29,31,344,0,-,1389069.875,22635.67578,705,324,255,255,1587177739,1577130530,1464,52,0,0,684.107745,28.419027,1421947926,1421947932,8.431983,18.376396,0,0,0,0,0,0,0,0,1,1,1,1,1,1,1,,0
149.171.126.1,80,59.166.0.6,59492,tcp,FIN,1.003266,7272,898,29,31,1,1,-,53154.39844,6267.530273,12,8,255,255,1984240656,4128591710,606,112,0,0,287.957688,349.633656,1421948163,1421948164,91.206,143.109141,0,0,0,0,0,0,0,0,1,1,1,1,1,1,1,,0
149.171.126.1,25,59.166.0.9,41776,tcp,FIN,0.513636,1978,20288,29,31,3,8,-,29717.54297,305804.125,28,31,255,255,2171789036,2170857683,71,654,0,0,1713.296492,1232.913737,1421948285,1421948285,19.023555,17.102067,0,0,0,0,0,0,0,0,1,3,2,1,1,1,1,,0
149.171.126.1,5190,59.166.0.1,51455,tcp,FIN,0.14527,11380,614,29,31,3,1,-,581978.375,30453.63672,14,10,255,255,3567234840,1421535884,813,61,0,0,1093.058785,38.077434,1421948344,1421948345,11.174616,15.974667,0,0,0,0,0,0,0,0,1,1,1,1,1,1,1,,0
149.171.126.1,53,59.166.0.0,12466,udp,INT,0.000003,178,0,29,0,0,0,-,237333328,0,2,0,0,0,0,0,89,0,0,0,0,0,1421948813,1421948813,0.003,0,0,0,0,0,0,0,0,0,1,1,1,1,1,1,1,,0
149.171.126.1,80,59.166.0.5,45612,tcp,FIN,1.036917,5716,846,29,31,1,1,-,40713,5601.219727,13,7,255,255,3484204082,1333696668,440,121,0,0,275.808312,370.527969,1421948817,1421948818,86.40975,171.245328,0,0,0,0,0,0,0,0,1,1,1,1,1,1,1,,0
149.171.126.1,63619,59.166.0.2,15777,tcp,FIN,0.023963,20550,884,30,31,6,0,-,6479656,277761.5313,18,17,255,255,2046666176,4191728025,1142,52,0,0,69.553939,1.608553,1421948850,1421948850,1.409588,1.208813,0,0,0,0,0,0,0,0,1,2,2,1,1,1,1,,0
149.171.126.1,53,59.166.0.1,16278,udp,INT,0.000004,162,0,29,0,0,0,-,162000000,0,2,0,0,0,0,0,81,0,0,0,0,0,1421948879,1421948879,0.004,0,0,0,0,0,0,0,0,0,1,2,1,1,1,1,1,,0
149.171.126.1,22,59.166.0.7,31103,tcp,FIN,0.070685,2832,920,29,31,2,2,-,293810.5625,96767.35156,12,14,255,255,1435296728,3584585699,236,66,0,0,8.755404,8.216737,1421949103,1421949103,6.414091,5.415231,0,0,0,0,0,0,0,0,1,1,1,1,1,1,1,,0
149.171.126.1,53,59.166.0.6,53332,udp,INT,0.000006,162,0,29,0,0,0,-,108000000,0,2,0,0,0,0,0,81,0,0,0,0,0,1421949112,1421949112,0.006,0,0,0,0,0,0,0,0,0,1,1,1,1,1,1,1,,0
149.171.126.1,35560,59.166.0.5,14242,tcp,FIN,0.058771,13844,572,29,31,3,0,-,1766721.75,70783.21094,16,11,255,255,2692620030,542747735,865,52,0,0,0,11.831698,1421949155,1421949155,3.918067,5.8254,0,0,0,0,0,0,0,0,1,1,1,1,1,1,1,,0
149.171.126.1,21,59.166.0.8,27270,tcp,FIN,0.962694,2110,1330,29,31,7,4,-,16952.42773,10595.26758,30,24,255,255,649657783,648602725,70,55,0,0,2624.403807,64.882516,1421949889,1421949890,33.196344,41.832609,0,0,0,0,0,0,0,0,1,1,1,1,1,1,1,,0
149.171.126.1,53,59.166.0.6,31585,udp,INT,0.000002,178,0,29,0,0,0,-,356000000,0,2,0,0,0,0,0,89,0,0,0,0,0,1421949923,1421949923,0.002,0,0,0,0,0,0,0,0,0,1,1,1,1,1,1,1,,0
149.171.126.1,44655,59.166.0.5,11462,tcp,FIN,0.015258,24648,1040,29,31,9,0,-,12384847,518023.3125,24,20,255,255,751651662,751313036,1027,52,0,0,1.029258,1.115524,1421949936,1421949936,0.663391,0.767211,0,0,0,0,0,0,0,0,1,1,1,1,1,1,1,,0
149.171.126.1,80,59.166.0.8,28753,tcp,FIN,1.129311,9952,898,29,31,2,1,-,65470.01172,5567.99707,14,8,255,255,3114694755,951577449,711,112,0,0,265.844531,345.050469,1421949994,1421949995,86.870078,160.763719,0,0,0,0,0,0,0,0,1,1,1,1,1,1,1,,0
149.171.126.1,5190,59.166.0.5,35264,tcp,FIN,2.082051,21302,8168,29,31,33,30,-,81150.75,31107.78711,117,112,255,255,714448426,2863738150,182,73,0,0,1459.467041,1510.470201,1421950011,1421950013,17.948716,18.751063,0,0,0,0,0,0,0,0,1,1,1,1,1,1,1,,0
149.171.126.1,44952,59.166.0.2,38794,tcp,FIN,0.111118,51696,1924,29,31,18,0,-,3637358.5,134775.6406,44,37,255,255,1369151577,1359619688,1175,52,0,0,3.389016,2.621394,1421950660,1421950660,2.58414,2.594389,0,0,0,0,0,0,0,0,1,1,1,1,1,1,1,,0
149.171.126.1,80,59.166.0.4,36439,tcp,FIN,1.196452,6952,846,29,31,2,1,-,42612.65625,4854.352539,12,7,255,255,2427989860,277429615,579,121,0,0,312.90325,401.368125,1421950726,1421950727,108.768367,198.589828,0,0,0,0,0,0,0,0,1,3,2,1,1,2,1,,0
149.171.126.1,7945,59.166.0.5,9842,udp,CON,0.058889,304,296,29,31,0,0,-,30973.52539,20105.62109,4,2,0,0,0,0,76,148,0,0,27.755592,0,1421950728,1421950728,19.629666,0.011,0,0,0,0,0,0,0,0,1,1,1,1,1,1,1,,0
149.171.126.1,80,59.166.0.1,34439,tcp,FIN,1.229135,3952,794,29,31,1,1,-,23151.24023,4308.721191,10,6,255,255,3528842854,1382462811,395,132,0,0,379.889,481.795594,1421950735,1421950737,136.570562,245.631406,0,0,0,0,0,0,0,0,1,2,1,1,1,1,1,,0
149.171.126.1,8394,59.166.0.7,11201,udp,CON,0.007915,104,296,29,31,0,0,-,52558.42969,149589.375,2,2,0,0,0,0,52,148,0,0,0,0,1421950742,1421950742,0.008,0.01,0,0,0,0,0,0,0,0,1,1,1,1,1,1,1,,0
149.171.126.1,3873,59.166.0.5,5913,tcp,FIN,0.061712,6968,572,29,31,0,0,-,802955.6875,67409.90625,9,11,255,255,3477961727,1325044147,774,52,0,0,494.769915,11.713513,1421950753,1421950753,7.699,5.9377,0,0,0,0,0,0,0,0,1,1,1,1,1,1,1,,0
149.171.126.1,49262,59.166.0.6,30207,tcp,FIN,0.000753,1842,104,29,31,0,0,-,16308102,552456.875,6,2,255,0,721310593,2660626635,307,52,0,0,0.181289,0,1421950795,1421950795,0.1506,0.004,0,0,0,0,0,0,0,0,1,1,1,1,1,1,1,,0
149.171.126.1,53,59.166.0.0,57466,udp,INT,0.000008,162,0,29,0,0,0,-,81000000,0,2,0,0,0,0,0,81,0,0,0,0,0,1421950800,1421950800,0.008,0,0,0,0,0,0,0,0,0,1,2,1,1,1,1,1,,0
149.171.126.1,21,59.166.0.4,31193,tcp,FIN,1.603939,3307,2226,29,31,11,8,-,16145.25195,10828.3418,47,40,255,255,3975255620,3898176462,70,56,0,0,82.427305,75.490461,1421950808,1421950809,34.868238,39.101383,0,0,0,0,0,0,0,0,1,2,1,1,1,1,1,,0
149.171.126.1,65325,59.166.0.8,59238,tcp,FIN,0.074668,45470,1768,29,31,16,0,-,4743558.5,183853.8594,38,34,255,255,2289168653,2242631191,1197,52,0,0,3.787238,3.691017,1421950862,1421950862,2.018054,2.243,0,0,0,0,0,0,0,0,3,1,1,1,1,1,1,,0
149.171.126.1,53,59.166.0.4,10808,udp,INT,0.000004,162,0,29,0,0,0,-,162000000,0,2,0,0,0,0,0,81,0,0,0,0,0,1421950863,1421950863,0.004,0,0,0,0,0,0,0,0,0,3,1,1,1,1,1,1,,0
149.171.126.1,63776,59.166.0.5,19664,tcp,FIN,0.099971,59387,2236,29,31,18,0,-,4659191.5,174770.6875,51,43,255,255,1071735905,3202631545,1164,52,0,0,146.146326,3.74711,1421950863,1421950864,1.99942,2.147976,0,0,0,0,0,0,0,0,3,1,1,1,1,1,1,,0
149.171.126.1,25966,59.166.0.1,57765,tcp,FIN,0.061184,16264,1040,29,31,6,2,-,2029942.5,128530.3359,22,18,255,255,2673792665,528146885,739,58,0,0,5.64559,6.167566,1421950884,1421950884,2.913524,3.469412,0,0,0,0,0,0,0,0,1,2,1,1,1,1,1,,0
149.171.126.1,143,59.166.0.8,41412,tcp,FIN,0.785752,13422,6778,29,31,26,26,-,135391.3125,68347.26563,108,104,255,255,74134624,2222761957,124,65,0,0,477.730911,477.074261,1421950890,1421950891,7.343477,7.623049,0,0,0,0,0,0,0,0,5,1,1,1,1,1,1,,0
149.171.126.1,12868,59.166.0.3,35737,tcp,FIN,0.339646,1976,3872,29,31,3,4,-,44446.27344,86136.74219,22,18,255,255,1216702978,1213182490,90,215,0,0,25.002223,28.065908,1421950892,1421950893,16.173619,19.942705,0,0,0,0,0,0,0,0,5,3,1,1,1,1,1,,0
149.171.126.1,38049,59.166.0.3,41721,tcp,CON,0.000954,712,280,29,32,0,0,-,4477987.5,0,4,1,255,255,4205873527,4198574872,178,280,0,0,17.268909,0,1421950894,1421950894,0.318,0,0,0,0,0,0,0,0,0,5,3,2,3,1,1,1,,0
149.171.126.1,45714,59.166.0.7,15791,tcp,FIN,0.000445,208,104,29,31,0,0,-,2804494.25,934831.4375,4,2,255,0,2294779346,145700937,52,52,0,0,0.204118,0,1421950894,1421950894,0.148333,0.004,0,0,0,0,0,0,0,0,5,1,1,3,1,1,1,,0
149.171.126.1,53,59.166.0.2,43712,udp,INT,0.000005,178,0,29,0,0,0,-,142400000,0,2,0,0,0,0,0,89,0,0,0,0,0,1421950894,1421950894,0.005,0,0,0,0,0,0,0,0,0,5,1,1,3,1,1,1,,0
149.171.126.1,22,59.166.0.1,9844,tcp,CON,0.546456,10138,10704,29,31,29,19,-,146998.1094,155108.5625,104,98,255,255,170991461,170728707,97,109,0,0,445.839178,485.343042,1421950901,1421950902,5.305398,5.626484,0,0,0,0,0,0,0,0,1,1,1,1,1,1,1,,0
149.171.126.1,143,59.166.0.1,30987,tcp,FIN,1.638644,15308,7600,29,31,30,29,-,74134.46875,36791.39453,124,118,255,255,3233030346,3206181660,123,64,0,0,804.443194,21.835936,1421950917,1421950919,13.322309,14.000111,0,0,0,0,0,0,0,0,1,1,1,1,1,1,1,,0
149.171.126.1,42245,59.166.0.1,44269,tcp,FIN,0.020446,18566,1986,29,31,10,5,-,7073461.5,752812.25,38,32,255,255,1222262631,1203411713,489,62,0,0,1.120785,43.923945,1421951490,1421951490,0.552595,0.641226,0,0,0,0,0,0,0,0,1,1,1,1,1,1,1,,0
149.171.126.1,7296,59.166.0.2,45621,tcp,FIN,0.058077,36642,1924,29,31,10,0,-,4921191,257864.5625,40,37,255,255,2681742976,2681442603,916,52,0,0,94.925336,3.007472,1421951521,1421951521,1.489154,1.595,0,0,0,0,0,0,0,0,2,1,1,1,1,1,1,,0
149.171.126.1,59545,59.166.0.6,61113,tcp,FIN,0.020906,13728,520,29,31,4,0,-,4878217,179087.3438,14,10,255,255,3055481894,896064770,981,52,0,0,2.565125,2.88738,1421951522,1421951522,1.608154,2.260222,0,0,0,0,0,0,0,0,2,1,1,1,1,1,1,,0
149.171.126.1,21,59.166.0.6,36540,tcp,FIN,1.854121,2650,2070,29,31,8,8,-,11149.21875,8685.517578,40,36,255,255,805200047,2925640830,66,58,0,0,101.657453,93.275031,1421951522,1421951523,47.541562,52.957828,0,0,0,0,0,0,0,0,1,1,1,1,1,1,1,,0
149.171.126.1,5190,59.166.0.7,47948,tcp,FIN,0.466412,2352,1942,29,31,4,5,-,38523.87891,31645.83984,22,20,255,255,1569659007,1569356879,107,97,0,0,39.08707,1498.042504,1421951698,1421951699,22.210096,24.514527,0,0,0,0,0,0,0,0,1,1,1,1,1,1,1,,0
149.171.126.1,33074,59.166.0.4,46130,tcp,CON,0.014642,2990,260,29,31,0,0,-,1361562.625,113645.6719,6,5,255,255,142694169,114819833,498,52,0,0,148.491855,2.449186,1421952344,1421952344,2.9284,1.514,0,0,0,0,0,0,0,0,1,1,1,1,1,1,1,,0
149.171.126.1,143,59.166.0.1,40628,tcp,FIN,0.035359,6211,1666,30,31,3,6,-,1362708.25,362001.1875,33,25,255,255,1726486008,1724886252,188,67,0,0,92.482714,3.287124,1421952361,1421952361,1.104969,1.408875,0,0,0,0,0,0,0,0,1,1,1,1,1,1,1,,0
149.171.126.1,53,59.166.0.9,1841,udp,INT,0.000003,178,0,29,0,0,0,-,237333328,0,2,0,0,0,0,0,89,0,0,0,0,0,1421952374,1421952374,0.003,0,0,0,0,0,0,0,0,0,1,1,1,1,1,1,1,,0
149.171.126.1,31495,59.166.0.2,31271,tcp,FIN,0.277831,8712,208,29,31,1,0,-,225777.5469,4491.939453,10,4,255,255,2180574417,1512502479,871,52,0,0,86.319242,129.793453,1421952387,1421952387,30.870111,91.781336,0,0,0,0,0,0,0,0,1,1,1,1,1,1,1,,0
149.171.126.1,143,59.166.0.4,65096,tcp,FIN,0.048312,11150,5364,29,31,19,19,-,1825467.75,877297.5625,88,81,255,255,1276405336,3425061906,127,66,0,0,58.404662,1.936523,1421952489,1421952489,0.55531,0.5957,0,0,0,0,0,0,0,0,2,2,1,1,1,1,1,,0
149.171.126.1,1321,59.166.0.6,4539,tcp,FIN,0.087638,44024,2164,29,31,14,2,-,3927428.75,192519.2344,44,39,255,255,4036959725,4025060354,1001,55,0,0,128.318254,5.388099,1421952490,1421952490,2.038093,2.289474,0,0,0,0,0,0,0,0,2,2,2,1,1,1,1,,0
149.171.126.1,24528,59.166.0.2,26404,tcp,FIN,0.007838,5512,312,29,31,1,0,-,4688951.5,265373.8438,6,6,255,255,3110585868,3088867802,919,52,0,0,2.670034,2.422584,1421952599,1421952599,1.5676,1.4484,0,0,0,0,0,0,0,0,1,2,2,1,1,1,1,,0
149.171.126.1,19509,59.166.0.8,50873,tcp,FIN,0.558434,8712,208,29,31,1,0,-,112328.3984,2234.820801,10,4,255,255,242019857,179139953,871,52,0,0,173.544875,261.050625,1421953293,1421953293,62.048223,184.595672,0,0,0,0,0,0,0,0,1,1,1,1,1,1,1,,0
149.171.126.1,3326,59.166.0.1,47755,tcp,FIN,0.048538,26672,1092,29,31,8,0,-,4220363.5,171412.0938,25,21,255,255,2971852881,819264505,1067,52,0,0,120.938049,4.414255,1421953318,1421953318,2.022417,2.3962,0,0,0,0,0,0,0,0,1,1,1,1,1,1,1,,0
149.171.126.1,53,59.166.0.1,22233,udp,INT,0.000002,178,0,29,0,0,0,-,356000000,0,2,0,0,0,0,0,89,0,0,0,0,0,1421953323,1421953323,0.002,0,0,0,0,0,0,0,0,0,1,1,1,1,1,1,1,,0
149.171.126.1,80,59.166.0.9,43397,tcp,CON,5.899,808366,15028,29,31,243,0,-,1094279,20309.88281,549,289,255,255,3031037769,3024654419,1472,52,0,0,769.334823,30.770168,1421953319,1421953324,10.707578,19.96326,0,0,0,0,0,0,0,0,1,1,1,1,1,1,1,,0
149.171.126.1,43984,59.166.0.9,8098,tcp,FIN,0.015762,18673,1404,29,31,8,2,-,9171933,684177.1875,31,25,255,255,854955626,2987498033,602,56,0,0,1.263839,1.241349,1421953394,1421953394,0.5254,0.629083,0,0,0,0,0,0,0,0,1,1,1,1,1,1,1,,0
149.171.126.1,34328,59.166.0.7,16726,tcp,CON,0.01396,24828,936,30,31,8,0,-,13550716,506590.25,21,18,255,255,1746292338,3861888063,1182,52,0,0,0.999478,0.733019,1421953438,1421953438,0.698,0.618765,0,0,0,0,0,0,0,0,1,3,1,1,1,1,1,,0
149.171.126.1,53408,59.166.0.8,9115,udp,INT,0.030034,304,0,29,0,0,0,-,60731.17188,0,4,0,0,0,0,0,76,0,0,0,14.153921,0,1421953453,1421953453,10.011333,0,0,0,0,0,0,0,0,0,4,2,2,2,1,1,2,,0
149.171.126.1,111,59.166.0.8,45635,udp,CON,0.379975,312,284,29,31,0,0,-,4926.640137,2989.67041,4,2,0,0,0,0,78,142,0,0,179.118391,0,1421953453,1421953453,126.658336,0.01,0,0,0,0,0,0,0,0,4,2,2,2,1,1,2,,0
149.171.126.1,60191,59.166.0.7,54476,udp,CON,0.225015,304,304,29,31,0,0,-,8106.126465,5404.083984,4,2,0,0,0,0,76,152,0,0,106.064602,0,1421953454,1421953454,75.005,0.006,0,0,0,0,0,0,0,0,4,1,1,1,1,1,1,,0
149.171.126.1,80,59.166.0.0,29232,tcp,FIN,1.361733,1002836,17888,29,31,332,0,-,5882915.5,104784.125,684,344,255,255,155940055,2300275975,1466,52,0,0,118.37143,5.181363,1421953453,1421953455,1.993753,3.966743,0,0,0,0,0,0,0,0,4,1,1,1,1,1,1,,0
149.171.126.1,53,59.166.0.7,32912,udp,INT,0.000005,162,0,29,0,0,0,-,129600000,0,2,0,0,0,0,0,81,0,0,0,0,0,1421953474,1421953474,0.005,0,0,0,0,0,0,0,0,0,1,2,2,1,1,1,1,,0
149.171.126.1,1555,59.166.0.9,42023,tcp,CON,0.039031,11116,700,29,31,0,1,-,2126515,131587.7188,15,12,255,255,2398850024,2398587789,741,58,0,0,151.596468,6.908574,1421954355,1421954355,2.624143,3.529091,0,0,0,0,0,0,0,0,1,2,2,1,1,1,1,,0
149.171.126.1,22,59.166.0.8,29091,tcp,CON,0.049859,1844,920,29,31,1,1,-,278545.5,137186.875,17,14,255,255,3068013411,922019738,108,66,0,0,182.098958,186.823521,1421956110,1421956110,2.687625,3.610615,0,0,0,0,0,0,0,0,1,2,1,1,1,1,1,,0
149.171.126.1,3922,59.166.0.4,43073,tcp,FIN,0.015289,1152,352,29,31,1,1,-,527438,92092.35156,8,2,255,255,2244872357,2241269667,144,176,0,0,127.045439,0,1421956954,1421956954,2.184143,0.003,0,0,0,0,0,0,0,0,1,1,1,1,1,1,1,,0
149.171.126.1,143,59.166.0.8,52273,tcp,FIN,1.321598,14685,7548,29,31,29,29,-,88172.03906,45302.73047,123,117,255,255,415635276,2559506960,119,65,0,0,644.439245,17.439521,1421957663,1421957664,10.83277,11.387621,0,0,0,0,0,0,0,0,1,1,1,1,1,1,1,,0
149.171.126.1,30338,59.166.0.7,32279,tcp,FIN,0.020943,28448,1144,29,31,10,0,-,10448932,417132.1875,26,22,255,255,1919855385,4027119902,1094,52,0,0,1.149329,1.189585,1421957690,1421957690,0.83772,0.969476,0,0,0,0,0,0,0,0,2,1,1,2,1,1,1,,0
149.171.126.1,22254,59.166.0.4,55785,tcp,CON,0.01629,4380,372,29,32,0,1,-,1912338.875,152240.6406,9,6,255,255,3623561860,1461739594,487,62,0,0,125.531791,5.950616,1421957690,1421957690,2.006125,3.2182,0,0,0,0,0,0,0,0,2,1,1,2,1,1,1,,0
149.171.126.1,37537,59.166.0.9,17262,tcp,FIN,0.240526,2496,3728,29,31,4,4,-,78893.75781,115147.6328,20,14,255,255,23126236,19545772,125,266,0,0,24.102877,29.447215,1421957755,1421957755,12.659263,18.465154,0,0,0,0,0,0,0,0,1,1,1,1,1,1,1,,0
149.171.126.1,55277,59.166.0.0,29819,tcp,FIN,0.034479,25006,1218,29,31,9,0,-,5594826,270541.5,28,23,255,255,2004284159,1992191679,893,53,0,0,85.257022,2.533027,1421957791,1421957791,1.277,1.538682,0,0,0,0,0,0,0,0,1,1,1,1,1,1,1,,0
149.171.126.1,22,59.166.0.7,53032,tcp,FIN,0.015466,3302,3752,29,31,3,5,-,1618518,1871460,19,28,255,255,1603575123,1603335857,174,134,0,0,1.931456,52.101501,1421958588,1421958588,0.851833,0.563407,0,0,0,0,0,0,0,0,1,1,1,1,1,1,1,,0
149.171.126.1,6316,59.166.0.9,14019,udp,INT,0.000003,200,0,29,0,0,0,-,266666656,0,2,0,0,0,0,0,100,0,0,0,0,0,1421958607,1421958607,0.003,0,0,0,0,0,0,0,0,0,1,1,1,1,1,1,1,,0
149.171.126.1,18142,59.166.0.4,61550,tcp,FIN,0.103503,58046,2392,29,31,21,0,-,4393070.5,180864.3125,48,46,255,255,2386135062,2385825565,1209,52,0,0,3.606317,3.286879,1421958675,1421958676,2.202191,2.285778,0,0,0,0,0,0,0,0,1,1,1,1,1,1,1,,0
149.171.126.1,6148,59.166.0.4,45247,tcp,CON,0.001752,1356,704,30,31,2,2,-,5310502.5,2410959,7,4,255,255,731933696,2874153014,194,176,0,0,13.890131,0.192097,1421958680,1421958680,0.292,0.139333,0,0,0,0,0,0,0,0,2,3,3,1,1,1,1,,0
149.171.126.1,6881,59.166.0.3,14364,tcp,FIN,0.134072,1428,866,29,31,2,1,-,79121.66406,43081.32813,14,6,255,255,3229797951,3178345129,102,144,0,0,24.114883,32.363322,1421958681,1421958681,10.31323,16.5906,0,0,0,0,0,0,0,0,2,1,1,1,1,1,1,,0
149.171.126.1,6881,59.166.0.3,36349,tcp,FIN,0.133381,1532,322,29,31,2,1,-,86189.1875,16134.23242,16,6,255,255,1068053037,1028767188,96,54,0,0,16.120071,22.235902,1421958681,1421958681,8.892066,12.715,0,0,0,0,0,0,0,0,2,2,2,2,1,2,2,,0
149.171.126.1,6881,59.166.0.3,37558,tcp,FIN,0.129267,1532,755,29,31,2,1,-,88932.20313,41588.33984,16,9,255,255,1065082404,1028766085,96,84,0,0,17.111547,20.827938,1421958681,1421958681,8.6178,10.883,0,0,0,0,0,0,0,0,2,2,2,2,1,2,2,,0
149.171.126.1,1397,59.166.0.6,20927,tcp,FIN,0.007779,8712,208,29,31,1,0,-,8063761.5,160431.9375,10,4,255,255,3780284077,3766799470,871,52,0,0,1.441292,0.275537,1421958714,1421958714,0.864333,0.201333,0,0,0,0,0,0,0,0,1,1,1,1,1,1,1,,0
149.171.126.1,21,59.166.0.6,18934,tcp,FIN,0.058755,1799,1434,29,31,5,4,-,235962.9063,187762.75,27,26,255,255,3767720423,3766797311,67,55,0,0,5.751707,177.805788,1421958714,1421958714,2.259808,2.03088,0,0,0,0,0,0,0,0,1,1,1,1,1,1,1,,0
149.171.126.1,25,59.166.0.7,1154,tcp,FIN,0.037659,1804,18294,29,31,2,6,-,364109.5,3709710.75,20,22,255,255,3015718460,3018999414,90,832,0,0,6.818862,150.706208,1421958823,1421958823,1.982053,1.763333,0,0,0,0,0,0,0,0,1,1,1,1,1,1,1,,0
149.171.126.1,25,59.166.0.8,8095,tcp,FIN,0.023791,1908,17854,29,31,2,3,-,612668.625,5670379.5,22,18,255,255,1556822999,3701190646,87,992,0,0,2.783094,58.836802,1421959673,1421959673,1.18955,0.864,0,0,0,0,0,0,0,0,1,1,1,1,1,1,1,,0
149.171.126.1,53,59.166.0.7,59560,udp,INT,0.000003,178,0,29,0,0,0,-,237333328,0,2,0,0,0,0,0,89,0,0,0,0,0,1421959699,1421959699,0.003,0,0,0,0,0,0,0,0,0,1,1,1,1,1,1,1,,0
149.171.126.1,18277,59.166.0.6,20429,tcp,CON,0.00523,5408,104,29,31,0,0,-,6204207,79541.10938,4,2,255,255,1504881279,3639364152,1352,52,0,0,2.339345,0,1421960546,1421960546,1.661667,0.004,0,0,0,0,0,0,0,0,1,2,2,1,1,1,1,,0
149.171.126.1,21,59.166.0.6,53859,tcp,FIN,0.435654,1796,1236,29,31,5,3,-,31713.24023,21668.57031,26,22,255,255,1000784422,3149428804,69,56,0,0,1912.961414,1619.369157,1421960559,1421960560,17.426161,20.719,0,0,0,0,0,0,0,0,1,1,1,1,1,1,1,,0
149.171.126.1,42523,59.166.0.4,38560,tcp,FIN,0.001298,1836,104,29,31,0,0,-,9429892,320493.0625,6,2,255,0,1690727221,1264035166,306,52,0,0,0.381282,0,1421961477,1421961477,0.2596,0.007,0,0,0,0,0,0,0,0,1,2,1,1,1,1,1,,0
149.171.126.1,5190,59.166.0.6,49410,tcp,CON,0.002156,492,1046,29,31,1,4,-,1599258,3606679.25,8,14,255,255,2975082634,2974711572,62,75,0,0,0.339286,11.968791,1421961540,1421961540,0.245571,0.151077,0,0,0,0,0,0,0,0,1,1,1,1,1,1,1,,0
149.171.126.1,6881,59.166.0.0,37548,tcp,FIN,0.316888,1188,322,29,31,2,1,-,27492.36328,6791.042969,12,6,255,255,947426047,2976725710,99,54,0,0,69.492516,111.315906,1421961608,1421961609,28.808,59.128,0,0,0,0,0,0,0,0,3,3,3,3,1,3,3,,0
149.171.126.1,6881,59.166.0.0,15225,tcp,FIN,0.309921,1188,322,29,31,2,1,-,28110.39063,6943.705078,12,6,255,255,928324581,2976724904,99,54,0,0,60.654313,119.342945,1421961608,1421961609,28.174637,60.594199,0,0,0,0,0,0,0,0,3,3,3,3,1,3,3,,0
149.171.126.1,6881,59.166.0.0,16903,tcp,FIN,0.309339,1188,322,29,31,2,1,-,28163.2793,6956.769531,12,6,255,255,958803083,827145790,99,54,0,0,67.532141,107.210414,1421961608,1421961609,28.121727,56.908,0,0,0,0,0,0,0,0,3,3,3,3,1,3,3,,0
149.171.126.1,6881,59.166.0.0,35167,tcp,FIN,3.558494,547760,12444,29,31,195,18,-,1228593.875,27854.47852,432,228,255,255,3031358920,2976723338,1268,55,0,0,702.627578,30.591975,1421961608,1421961612,8.256366,15.535753,0,0,0,0,0,0,0,0,3,2,1,2,1,1,1,,0
149.171.126.1,6881,59.166.0.4,5505,tcp,FIN,0,534676,11880,29,31,187,16,-,1229329.875,27256.21289,414,218,255,255,2718539667,2672529865,1291,54,0,0,643.504208,24.635813,1421961608,1421961612,8.404509,15.983226,0,0,0,0,0,0,0,0,3,1,1,2,1,1,1,,0
149.171.126.1,6881,59.166.0.0,33928,tcp,FIN,5.269237,318290,7630,29,31,114,11,-,481355.4688,11502.23438,256,140,255,255,888019643,827143339,1243,55,0,0,6426.30016,273.93025,1421961608,1421961614,20.663674,37.815887,0,0,0,0,0,0,0,0,3,2,1,1,1,1,1,,0
149.171.126.1,51546,59.166.0.3,57240,tcp,FIN,0.122387,47348,3146,29,31,21,5,-,3043395.25,201851.5,60,54,255,255,3698350231,3698059131,789,58,0,0,3.402948,122.452497,1421962450,1421962450,2.074356,2.098868,0,0,0,0,0,0,0,0,1,1,1,1,1,1,1,,0
149.171.126.1,31137,59.166.0.3,33260,tcp,FIN,0.020487,8762,416,29,31,2,0,-,3207888,142138.9219,16,8,255,255,3373145511,1196227621,548,52,0,0,98.478863,4.007229,1421962503,1421962503,1.358,2.886857,0,0,0,0,0,0,0,0,1,3,2,1,1,1,1,,0
149.171.126.1,26733,59.166.0.3,28739,tcp,FIN,0.043578,6558,832,29,31,1,0,-,1117995.375,143191.5156,14,16,255,255,2645434077,483125917,468,52,0,0,0,3.621818,1421963465,1421963465,3.352154,2.822533,0,0,0,0,0,0,0,0,1,1,1,1,1,1,1,,0
149.171.126.1,80,59.166.0.1,63684,tcp,FIN,1.08025,6952,846,29,31,2,1,-,47196.48047,5376.533203,12,7,255,255,963520247,961888162,579,121,0,0,286.284312,367.604125,1421964289,1421964290,98.204547,179.899172,0,0,0,0,0,0,0,0,1,1,1,1,1,1,1,,0
149.171.126.1,80,59.166.0.8,65214,tcp,FIN,1.03997,3952,794,29,31,1,1,-,27362.32617,5092.45459,10,6,255,255,1726534022,1725549935,395,132,0,0,320.826062,406.871312,1421965092,1421965093,115.552219,207.857406,0,0,0,0,0,0,0,0,1,1,1,1,1,1,1,,0
149.171.126.1,32957,59.166.0.1,47517,tcp,FIN,0.000979,472,104,29,31,0,0,-,3219611.75,424923.375,6,2,255,0,852777856,848955227,79,52,0,0,0.281056,0,1421965835,1421965835,0.1958,0.005,0,0,0,0,0,0,0,0,1,2,1,1,1,1,1,,0
149.171.126.1,25,59.166.0.7,36136,tcp,FIN,0.519157,2916,26434,29,31,5,13,-,43655.38672,396627.625,35,38,255,255,4103911179,1946630928,83,696,0,0,28.015086,1072.626919,1421965876,1421965877,15.269323,14.015486,0,0,0,0,0,0,0,0,1,1,1,1,1,1,1,,0
149.171.126.1,25,59.166.0.3,46346,tcp,CON,0.03063,1188,10806,29,31,2,3,-,293046.0313,2656480.5,18,17,255,255,2703056545,2702082817,66,636,0,0,3.689694,128.828664,1421965888,1421965888,1.801765,1.83875,0,0,0,0,0,0,0,0,1,1,1,1,1,1,1,,0
149.171.126.1,4783,59.166.0.4,40637,tcp,FIN,0.02762,5106,624,29,32,1,0,-,1267777,165677.0469,7,12,255,255,4274836550,2129209562,729,52,0,0,9.603247,4.28709,1421965894,1421965894,4.581333,2.479364,0,0,0,0,0,0,0,0,1,2,2,1,1,1,1,,0
149.171.126.1,5190,59.166.0.6,4885,tcp,FIN,0,1864,104,29,31,0,0,-,4573951.5,153053.7188,6,2,255,0,3203420475,1053526341,311,52,0,0,0.812745,0,1421966839,1421966839,0.5436,0.007,0,0,0,0,0,0,0,0,2,1,1,2,1,1,1,,0
149.171.126.1,18565,59.166.0.9,20048,tcp,CON,0,440,104,29,31,0,0,-,4160756.5,983451.5625,2,2,255,255,3988357070,1473530377,220,52,0,0,0,0,1421966839,1421966839,0.003,0.004,0,0,0,0,0,0,0,0,2,1,1,2,1,1,1,,0
149.171.126.1,9096,59.166.0.1,10880,tcp,CON,0.000235,832,104,29,31,0,0,-,21242554,1770212.75,4,2,255,255,1255529686,3396576640,208,52,0,0,0,0,1421967597,1421967597,0.002667,0.003,0,0,0,0,0,0,0,0,1,1,1,1,1,1,1,,0
149.171.126.1,5190,59.166.0.0,32452,tcp,FIN,0.472926,1702,1298,29,31,2,4,-,26997.88086,20738.97461,16,18,255,255,622918305,2770695072,106,72,0,0,57.702477,1944.041927,1421968498,1421968498,31.519867,27.807471,0,0,0,0,0,0,0,0,2,1,1,1,1,1,1,,0
149.171.126.1,5190,59.166.0.8,42645,tcp,FIN,1.616632,1702,1298,29,31,2,4,-,7897.901367,6066.934082,16,18,255,255,681422522,681116654,106,72,0,0,225.637922,214.501609,1421968498,1421968500,107.766797,95.084469,0,0,0,0,0,0,0,0,2,1,1,1,1,1,1,,0
149.171.126.1,56112,59.166.0.4,56178,tcp,FIN,0.077485,31060,1820,29,31,10,0,-,3096238,182538.5469,29,35,255,255,271748224,271441050,1071,52,0,0,196.287635,4.42041,1421968568,1421968568,2.767321,2.260412,0,0,0,0,0,0,0,0,1,2,1,1,1,1,1,,0
149.171.126.1,5190,59.166.0.4,6833,tcp,CON,0.000925,476,256,29,31,0,1,-,3606486.5,1660540.5,8,4,255,255,2260348394,110464675,60,64,0,0,0.261054,0.042656,1421969449,1421969449,0.132143,0.033667,0,0,0,0,0,0,0,0,1,1,1,1,1,1,1,,0
149.171.126.1,6881,59.166.0.2,20125,tcp,FIN,0.011334,1084,208,29,31,1,0,-,688900.625,110111.1719,10,4,255,255,1417513731,1408027278,108,52,0,0,3.21722,0.221796,1421969462,1421969462,1.259333,0.161333,0,0,0,0,0,0,0,0,1,1,1,1,1,1,1,,0
149.171.126.1,25,59.166.0.0,32568,tcp,CON,0.085098,156,6000,29,31,0,0,-,9776.962891,423041.6875,3,4,255,255,3339406857,3342640860,52,1500,0,0,42.545,0.414372,1421969468,1421969468,42.549,0.303,0,0,0,0,0,0,0,0,1,2,1,1,1,1,1,,0
149.171.126.1,6881,59.166.0.9,54630,tcp,FIN,0.020253,666,208,29,31,1,0,-,237001.9219,61620.5,10,4,255,255,1198036397,3331089661,67,52,0,0,6.121843,0.19186,1421969501,1421969501,2.250333,0.139667,0,0,0,0,0,0,0,0,2,1,1,1,1,1,1,,0
149.171.126.1,57155,59.166.0.2,31777,tcp,CON,0.002182,4692,528,30,32,2,1,-,15640696,1723189.625,11,9,255,255,1639534627,1618212530,427,59,0,0,0.307059,0.31076,1421969505,1421969505,0.1892,0.225125,0,0,0,0,0,0,0,0,2,1,1,1,1,1,1,,0
149.171.126.1,80,59.166.0.2,63375,tcp,FIN,0,146656,2600,29,31,48,0,-,160815.0469,2820.598145,106,50,255,255,3499421282,1173178041,1384,52,0,0,5901.994958,231.637469,1421969534,1421969541,68.827011,147.361156,0,0,0,0,0,0,0,0,1,1,1,1,1,1,1,,0
149.171.126.1,6637,59.166.0.5,44498,tcp,FIN,0.119795,7292,1184,29,31,0,1,-,454509.7813,75328.6875,15,21,255,255,2413900168,147561574,486,56,0,0,696.578104,10.251239,1421970455,1421970455,8.556786,5.96195,0,0,0,0,0,0,0,0,2,1,1,1,1,1,1,,0
149.171.126.1,4030,59.166.0.4,9819,tcp,FIN,0.089203,33156,1612,29,31,8,0,-,2880620.5,139905.6094,32,31,255,255,3437427352,1287559666,1036,52,0,0,0,4.328721,1421970456,1421970456,2.877516,2.9535,0,0,0,0,0,0,0,0,2,2,1,1,1,1,1,,0
149.171.126.1,80,59.166.0.9,3712,tcp,FIN,3.599831,532322,9048,29,31,178,0,-,1179762,19992.04883,366,174,255,255,3008966643,855148922,1454,52,0,0,1096.411257,29.799625,1421972120,1421972124,9.862551,17.929029,0,0,0,0,0,0,0,0,1,1,1,1,1,1,1,,0
149.171.126.1,143,59.166.0.9,10650,tcp,FIN,0.807693,12194,6084,29,31,24,22,-,119560.2813,59606.80469,99,92,255,255,2836637649,671687640,123,66,0,0,555.621366,508.065444,1424223096,1424223097,8.241765,7.994901,0,0,0,0,0,,, ,1,1,1,1,1,1,1,,0
149.171.126.1,6881,59.166.0.0,2983,tcp,FIN,9.116158,1209068,26460,29,31,427,38,-,1059900.125,23172.92188,936,484,255,255,1512920515,3614017664,1292,55,0,0,5662.980019,248.845547,1424233005,1424233014,9.749901,18.873004,0,0,0,0,0,,, ,1,1,1,1,1,1,1,,0
149.171.126.1,6881,59.166.0.8,60403,tcp,FIN,13.826921,1261318,26702,29,31,444,39,-,729027.625,15418.03809,976,488,255,255,2810570675,617600191,1292,55,0,0,8184.323787,366.135969,1424241355,1424241369,14.181458,28.407029,0,0,0,0,0,,, ,1,1,1,1,1,1,1,,0
149.171.126.1,5190,59.166.0.2,9485,tcp,FIN,0.341575,6868,932,29,31,4,2,-,151931.5,20282.51563,18,14,255,255,3302554026,1156913761,382,67,0,0,40.378914,44.412195,1424242848,1424242848,20.092646,26.227385,0,0,0,0,0,,, ,1,1,1,1,1,1,1,,0
149.171.126.1,62964,59.166.0.1,28668,tcp,FIN,0.000781,1792,104,29,31,0,0,-,15303457,532650.4375,6,2,255,0,1243780472,1155000992,299,52,0,0,0.191177,0,1424255560,1424255560,0.1562,0.003,0,0,0,0,0,,, ,1,1,1,1,1,1,1,,0
149.171.126.1,6881,59.166.0.5,21154,tcp,FIN,0.108885,102954,2286,29,31,35,3,-,7474234.5,163989.5313,84,42,255,255,3023841173,3018608529,1226,54,0,0,96.828308,5.262262,1424256988,1424256988,1.311868,2.626902,0,0,0,0,0,,, ,1,1,1,1,1,1,1,,0
149.171.126.1,6881,59.166.0.8,31141,tcp,FIN,0.251416,509530,10702,29,31,178,15,-,16171986,338816.9375,394,196,255,255,3505269883,3501684171,1293,55,0,0,33.774502,1.880897,1424258756,1424258756,0.639735,1.291104,0,0,0,0,0,,, ,1,2,2,1,1,1,1,,0
